Workbook

Sheet COVER
B2: Agilent Technologies (A) — Quarterly Model by End Market
B4: Purpose
B5: Quarterly revenue build by end market (Pharma, Chemical & Applied, Diagnostics & Clinical, Food, Academia & Gov, Environmental & Forensics) with organic / FX / M&A bridge. Secondary segment view (LDG, ACG, AMG). FY23-FY28. Agilent fiscal year ends Oct 31.
B7: Tab guide
B8: COVER — this page.
B9: Summary — consolidated headline, per-end-market table, per-segment table, LRP overlay.
B10: Model — end-market revenue build with organic / FX / M&A bridge, segment-level revenue build, segment income.
B11: Upside — FY26-FY28 model vs guidance.
B13: Color convention
B14: Black formulas | Blue hardcoded actuals | Red forward assumptions | Green cross-sheet links
B16: Notable M&A
B17: BIOVECTRA acquisition — closed May 2024. Canadian CDMO. ~$130M FY24 revenue, $149.5M FY25. Flows into LDG / Pharma end market. FY25 total Agilent M&A bridge was +1.8% — Biovectra is the main contributor; bolt-ons make up the rest.
... B23: Bernstein A Model (Revenue tab end-market history); Agilent 10-K / 10-Q disclosures for bridge percentages; company press releases for Biovectra.

Sheet Summary
B2: Agilent — Consolidated Summary
C4: Period | D4: 1Q | E4: 2Q | F4: 3Q | G4: 4Q | H4: FY | I4: 1Q | J4: 2Q | K4: 3Q | L4: 4Q | M4: FY | N4: 1Q | O4: 2Q | P4: 3Q | Q4: 4Q | R4: FY | S4: 1Q | T4: 2Q | U4: 3Q | V4: 4Q | W4: FY | X4: 1Q | Y4: 2Q | Z4: 3Q | AA4: 4Q | AB4: FY | AC4: 1Q | AD4: 2Q | AE4: 3Q | AF4: 4Q | AG4: FY
C5: Fiscal Year (Oct YE) | D5: 23 | E5: =D5 -> 23 | F5: =E5 -> 23 | G5: =F5 -> 23 | H5: =G5 -> 23 | I5: =H5+1 -> 24 | J5: =I5 -> 24 | K5: =J5 -> 24 | L5: =K5 -> 24 | M5: =L5 -> 24 | N5: =M5+1 -> 25 | O5: =N5 -> 25 | P5: =O5 -> 25 | Q5: =P5 -> 25 | R5: =Q5 -> 25 | S5: =R5+1 -> 26 | T5: =S5 -> 26 | U5: =T5 -> 26 | V5: =U5 -> 26 | W5: =V5 -> 26 | X5: =W5+1 -> 27 | Y5: =X5 -> 27 | Z5: =Y5 -> 27 | AA5: =Z5 -> 27 | AB5: =AA5 -> 27 | AC5: =AB5+1 -> 28 | AD5: =AC5 -> 28 | AE5: =AD5 -> 28 | AF5: =AE5 -> 28 | AG5: =AF5 -> 28
C7: Status | D7: REPORTED | I7: REPORTED | N7: REPORTED
C8: Reported (blank) or Estimate ("E") | U8: E | V8: E | W8: E | X8: E | Y8: E | Z8: E | AA8: E | AB8: E | AC8: E | AD8: E | AE8: E | AF8: E | AG8: E
C9: Fiscal Period | D9: =D$4&D5&D8 -> 1Q23 | E9: =E$4&E5&E8 -> 2Q23 | F9: =F$4&F5&F8 -> 3Q23 | G9: =G$4&G5&G8 -> 4Q23 | H9: =H$4&H5&H8 -> FY23 | I9: =I$4&I5&I8 -> 1Q24 | J9: =J$4&J5&J8 -> 2Q24 | K9: =K$4&K5&K8 -> 3Q24 | ... AG9: =AG$4&AG5&AG8 -> FY28E
C10: Period end date | D10: 44957 | E10: 45046 | F10: 45138 | G10: 45230 | H10: 45230 | I10: 45322 | J10: 45412 | K10: 45504 | L10: 45596 | M10: 45596 | N10: 45688 | O10: 45777 | P10: 45869 | Q10: 45961 | R10: 45961 | S10: 46053 | T10: 46142 | U10: 46234 | V10: 46326 | W10: 46326 | X10: 46418 | Y10: 46507 | Z10: 46599 | AA10: 46691 | AB10: 46691 | AC10: 46783 | AD10: 46873 | AE10: 46965 | AF10: 47057 | AG10: 47057
B11: REVENUE
C12: Total Agilent revenue ($M) | D12: =Model!D54 -> 1756 | E12: =Model!E54 -> 1717 | F12: =Model!F54 -> 1672 | G12: =Model!G54 -> 1688 | H12: =Model!H54 -> 6833 | I12: =Model!I54 -> 1658 | J12: =Model!J54 -> 1573 | K12: =Model!K54 -> 1578 | ... AG12: =Model!AG54 -> 7977.8383
C13: Reported Y/Y | D13: =Model!D55 -> 0 | E13: =Model!E55 -> 0 | F13: =Model!F55 -> 0 | G13: =Model!G55 -> 0 | H13: =Model!H55 -> 0 | I13: =Model!I55 -> -0.055808656 | J13: =Model!J55 -> -0.08386721 | K13: =Model!K55 -> -0.056220096 | ... AG13: =Model!AG55 -> 0.04
C14: Organic | D14: =Model!D56 -> 0 | E14: =Model!E56 -> 0 | F14: =Model!F56 -> 0 | G14: =Model!G56 -> 0 | H14: =Model!H56 -> 0 | I14: =Model!I56 -> -0.063808656 | J14: =Model!J56 -> -0.06986721 | K14: =Model!K56 -> -0.040220096 | ... AG14: =Model!AG56 -> 0.04
C15: M&A | D15: =Model!D57 -> 0 | E15: =Model!E57 -> 0 | F15: =Model!F57 -> 0 | G15: =Model!G57 -> 0 | H15: =Model!H57 -> 0 | I15: =Model!I57 -> -0.001 | J15: =Model!J57 -> 0 | K15: =Model!K57 -> 0 | ... AG15: =Model!AG57 -> 0
C16: FX | D16: =Model!D58 -> 0 | E16: =Model!E58 -> 0 | F16: =Model!F58 -> 0 | G16: =Model!G58 -> 0 | H16: =Model!H58 -> 0 | I16: =Model!I58 -> 0.009 | J16: =Model!J58 -> -0.014 | K16: =Model!K58 -> -0.016 | ... AG16: =Model!AG58 -> 0
B18: ADJ OPERATING INCOME
C19: Total adj op income ($M) | D19: =Model!D93 -> 483.645 | E19: =Model!E93 -> 473.81 | F19: =Model!F93 -> 461.435 | G19: =Model!G93 -> 465.79 | H19: =Model!H93 -> 1884.68 | I19: =Model!I93 -> 457.53 | J19: =Model!J93 -> 434.64 | K19: =Model!K93 -> 436.33 | ... AG19: =Model!AG93 -> 2204.348
C20: Adj op margin % | D20: =Model!D94 -> 0.27542426 | E20: =Model!E94 -> 0.27595224 | F20: =Model!F94 -> 0.27597787 | G20: =Model!G94 -> 0.27594194 | H20: =Model!H94 -> 0.27582028 | I20: =Model!I94 -> 0.27595296 | J20: =Model!J94 -> 0.27631278 | K20: =Model!K94 -> 0.27650824 | ... AG20: =Model!AG94 -> 0.27630893
C21: Margin Y/Y (bps) | D21: =Model!D95 -> 0 | E21: =Model!E95 -> 0 | F21: =Model!F95 -> 0 | G21: =Model!G95 -> 0 | H21: =Model!H95 -> 0 | I21: =Model!I95 -> 5.2869569 | J21: =Model!J95 -> 3.6053585 | K21: =Model!K95 -> 5.3036746 | ... AG21: =Model!AG95 -> 0
B23: BY END MARKET
C24: Pharma
C25: Revenue ($M) | D25: =Model!D24 -> 639 | E25: =Model!E24 -> 612 | F25: =Model!F24 -> 592 | G25: =Model!G24 -> 590 | H25: =Model!H24 -> 2433 | I25: =Model!I24 -> 565 | J25: =Model!J24 -> 542 | K25: =Model!K24 -> 540 | ... AG25: =Model!AG24 -> 2893.0204
C26: Reported Y/Y | D26: =Model!D25 -> 0 | E26: =Model!E25 -> 0 | F26: =Model!F25 -> 0 | G26: =Model!G25 -> 0 | H26: =Model!H25 -> 0 | I26: =Model!I25 -> -0.11580595 | J26: =Model!J25 -> -0.11437908 | K26: =Model!K25 -> -0.087837838 | ... AG26: =Model!AG25 -> 0.04
C28: Chemical & Applied
C29: Revenue ($M) | D29: =Model!D29 -> 406 | E29: =Model!E29 -> 378 | F29: =Model!F29 -> 378 | G29: =Model!G29 -> 381 | H29: =Model!H29 -> 1543 | I29: =Model!I29 -> 392 | J29: =Model!J29 -> 362 | K29: =Model!K29 -> 356 | ... AG29: =Model!AG29 -> 1816.5688
C30: Reported Y/Y | D30: =Model!D30 -> 0 | E30: =Model!E30 -> 0 | F30: =Model!F30 -> 0 | G30: =Model!G30 -> 0 | H30: =Model!H30 -> 0 | I30: =Model!I30 -> -0.034482759 | J30: =Model!J30 -> -0.042328042 | K30: =Model!K30 -> -0.058201058 | ... AG30: =Model!AG30 -> 0.04
C32: Diagnostics & Clinical
C33: Revenue ($M) | D33: =Model!D34 -> 239 | E33: =Model!E34 -> 250 | F33: =Model!F34 -> 241 | G33: =Model!G34 -> 236 | H33: =Model!H34 -> 966 | I33: =Model!I34 -> 228 | J33: =Model!J34 -> 239 | K33: =Model!K34 -> 242 | ... AG33: =Model!AG34 -> 1204.2102
C34: Reported Y/Y | D34: =Model!D35 -> 0 | E34: =Model!E35 -> 0 | F34: =Model!F35 -> 0 | G34: =Model!G35 -> 0 | H34: =Model!H35 -> 0 | I34: =Model!I35 -> -0.046025105 | J34: =Model!J35 -> -0.044 | K34: =Model!K35 -> 0.0041493776 | ... AG34: =Model!AG35 -> 0.04
C36: Food
C37: Revenue ($M) | D37: =Model!D39 -> 160 | E37: =Model!E39 -> 161 | F37: =Model!F39 -> 151 | G37: =Model!G39 -> 156 | H37: =Model!H39 -> 628 | I37: =Model!I39 -> 157 | J37: =Model!J39 -> 139 | K37: =Model!K39 -> 144 | ... AG37: =Model!AG39 -> 700.74701
C38: Reported Y/Y | D38: =Model!D40 -> 0 | E38: =Model!E40 -> 0 | F38: =Model!F40 -> 0 | G38: =Model!G40 -> 0 | H38: =Model!H40 -> 0 | I38: =Model!I40 -> -0.01875 | J38: =Model!J40 -> -0.13664596 | K38: =Model!K40 -> -0.046357616 | ... AG38: =Model!AG40 -> 0.04
C40: Academia & Government
C41: Revenue ($M) | D41: =Model!D44 -> 146 | E41: =Model!E44 -> 159 | F41: =Model!F44 -> 146 | G41: =Model!G44 -> 150 | H41: =Model!H44 -> 601 | I41: =Model!I44 -> 150 | J41: =Model!J44 -> 139 | K41: =Model!K44 -> 128 | ... AG41: =Model!AG44 -> 584.84275
C42: Reported Y/Y | D42: =Model!D45 -> 0 | E42: =Model!E45 -> 0 | F42: =Model!F45 -> 0 | G42: =Model!G45 -> 0 | H42: =Model!H45 -> 0 | I42: =Model!I45 -> 0.02739726 | J42: =Model!J45 -> -0.12578616 | K42: =Model!K45 -> -0.12328767 | ... AG42: =Model!AG45 -> 0.04
C44: Environmental & Forensics
C45: Revenue ($M) | D45: =Model!D49 -> 166 | E45: =Model!E49 -> 157 | F45: =Model!F49 -> 164 | G45: =Model!G49 -> 175 | H45: =Model!H49 -> 662 | I45: =Model!I49 -> 166 | J45: =Model!J49 -> 152 | K45: =Model!K49 -> 168 | ... AG45: =Model!AG49 -> 778.44915
C46: Reported Y/Y | D46: =Model!D50 -> 0 | E46: =Model!E50 -> 0 | F46: =Model!F50 -> 0 | G46: =Model!G50 -> 0 | H46: =Model!H50 -> 0 | I46: =Model!I50 -> 0 | J46: =Model!J50 -> -0.031847134 | K46: =Model!K50 -> 0.024390244 | ... AG46: =Model!AG50 -> 0.04
B49: BY SEGMENT
C50: Life Sciences & Diagnostics Group (LDG)
C51: Revenue ($M) | D51: =Model!D62 -> 719 | E51: =Model!E62 -> 726 | F51: =Model!F62 -> 661 | G51: =Model!G62 -> 674 | H51: =Model!H62 -> 2780 | I51: =Model!I62 -> 620 | J51: =Model!J62 -> 604 | K51: =Model!K62 -> 585 | ... AG51: =Model!AG62 -> 3129.0688
C52: Adj op income ($M) | D52: =Model!D78 -> 197.725 | E52: =Model!E78 -> 199.65 | F52: =Model!F78 -> 181.775 | G52: =Model!G78 -> 185.35 | H52: =Model!H78 -> 764.5 | I52: =Model!I78 -> 170.5 | J52: =Model!J78 -> 166.1 | K52: =Model!K78 -> 160.875 | ... AG52: =Model!AG78 -> 860.49392
C53: Adj op margin % | D53: =Model!D77 -> 0.275 | E53: =Model!E77 -> 0.275 | F53: =Model!F77 -> 0.275 | G53: =Model!G77 -> 0.275 | H53: =Model!H77 -> 0.275 | I53: =Model!I77 -> 0.275 | J53: =Model!J77 -> 0.275 | K53: =Model!K77 -> 0.275 | ... AG53: =Model!AG77 -> 0.275
C55: Agilent CrossLab Group (ACG)
C56: Revenue ($M) | D56: =Model!D65 -> 652 | E56: =Model!E65 -> 660 | F56: =Model!F65 -> 672 | G56: =Model!G65 -> 672 | H56: =Model!H65 -> 2656 | I56: =Model!I65 -> 686 | J56: =Model!J65 -> 664 | K56: =Model!K65 -> 691 | ... AG56: =Model!AG65 -> 3326.9583
C57: Adj op income ($M) | D57: =Model!D84 -> 185.82 | E57: =Model!E84 -> 188.1 | F57: =Model!F84 -> 191.52 | G57: =Model!G84 -> 191.52 | H57: =Model!H84 -> 756.96 | I57: =Model!I84 -> 195.51 | J57: =Model!J84 -> 189.24 | K57: =Model!K84 -> 196.935 | ... AG57: =Model!AG84 -> 948.18313
C58: Adj op margin % | D58: =Model!D83 -> 0.285 | E58: =Model!E83 -> 0.285 | F58: =Model!F83 -> 0.285 | G58: =Model!G83 -> 0.285 | H58: =Model!H83 -> 0.285 | I58: =Model!I83 -> 0.285 | J58: =Model!J83 -> 0.285 | K58: =Model!K83 -> 0.285 | ... AG58: =Model!AG83 -> 0.285
C60: Applied Markets Group (AMG)
C61: Revenue ($M) | D61: =Model!D68 -> 385 | E61: =Model!E68 -> 331 | F61: =Model!F68 -> 339 | G61: =Model!G68 -> 342 | H61: =Model!H68 -> 1397 | I61: =Model!I68 -> 352 | J61: =Model!J68 -> 305 | K61: =Model!K68 -> 302 | ... AG61: =Model!AG68 -> 1521.8112
C62: Adj op income ($M) | D62: =Model!D90 -> 100.1 | E62: =Model!E90 -> 86.06 | F62: =Model!F90 -> 88.14 | G62: =Model!G90 -> 88.92 | H62: =Model!H90 -> 363.22 | I62: =Model!I90 -> 91.52 | J62: =Model!J90 -> 79.3 | K62: =Model!K90 -> 78.52 | ... AG62: =Model!AG90 -> 395.67091
C63: Adj op margin % | D63: =Model!D89 -> 0.26 | E63: =Model!E89 -> 0.26 | F63: =Model!F89 -> 0.26 | G63: =Model!G89 -> 0.26 | H63: =Model!H89 -> 0.26 | I63: =Model!I89 -> 0.26 | J63: =Model!J89 -> 0.26 | K63: =Model!K89 -> 0.26 | ... AG63: =Model!AG89 -> 0.26
B66: NOTABLE M&A SCHEDULE
B67: Event | C67: Target end market / segment | D67: Close date | E67: FY rev ($M) | F67: Status | G67: Source
B68: BIOVECTRA | C68: Pharma / LDG | D68: May 2024 | E68: 130 | F68: Closed | G68: Bernstein A model BIOVECTRA tab
B70: AGILENT LONG-RANGE PLAN OVERLAY
C71: LRP metric | D71: Guide | E71: Source | F71: Model FY27E | G71: Model FY28E
C72: Organic revenue growth | D72: 5-7% | E72: Agilent Analyst Day LRP | F72: =Model!AB56 -> 0.04 | G72: =Model!AG56 -> 0.04
C73: Adj operating margin | D73: ~26-28% | E73: Agilent LRP framework
C74: Adj EPS growth | D74: Double-digit | E74: Agilent LRP framework

Sheet Model
B2: Agilent Quarterly Model — Revenue by End Market & Segment Income ($M)
C4: Period | D4: 1Q | E4: 2Q | F4: 3Q | G4: 4Q | H4: FY | I4: 1Q | J4: 2Q | K4: 3Q | L4: 4Q | M4: FY | N4: 1Q | O4: 2Q | P4: 3Q | Q4: 4Q | R4: FY | S4: 1Q | T4: 2Q | U4: 3Q | V4: 4Q | W4: FY | X4: 1Q | Y4: 2Q | Z4: 3Q | AA4: 4Q | AB4: FY | AC4: 1Q | AD4: 2Q | AE4: 3Q | AF4: 4Q | AG4: FY
C5: Fiscal Year (Oct YE) | D5: 23 | E5: =D5 -> 23 | F5: =E5 -> 23 | G5: =F5 -> 23 | H5: =G5 -> 23 | I5: =H5+1 -> 24 | J5: =I5 -> 24 | K5: =J5 -> 24 | L5: =K5 -> 24 | M5: =L5 -> 24 | N5: =M5+1 -> 25 | O5: =N5 -> 25 | P5: =O5 -> 25 | Q5: =P5 -> 25 | R5: =Q5 -> 25 | S5: =R5+1 -> 26 | T5: =S5 -> 26 | U5: =T5 -> 26 | V5: =U5 -> 26 | W5: =V5 -> 26 | X5: =W5+1 -> 27 | Y5: =X5 -> 27 | Z5: =Y5 -> 27 | AA5: =Z5 -> 27 | AB5: =AA5 -> 27 | AC5: =AB5+1 -> 28 | AD5: =AC5 -> 28 | AE5: =AD5 -> 28 | AF5: =AE5 -> 28 | AG5: =AF5 -> 28
C7: Status | D7: REPORTED | I7: REPORTED | N7: REPORTED
C8: Reported (blank) or Estimate ("E") | U8: E | V8: E | W8: E | X8: E | Y8: E | Z8: E | AA8: E | AB8: E | AC8: E | AD8: E | AE8: E | AF8: E | AG8: E
C9: Fiscal Period | D9: =D$4&D5&D8 -> 1Q23 | E9: =E$4&E5&E8 -> 2Q23 | F9: =F$4&F5&F8 -> 3Q23 | G9: =G$4&G5&G8 -> 4Q23 | H9: =H$4&H5&H8 -> FY23 | I9: =I$4&I5&I8 -> 1Q24 | J9: =J$4&J5&J8 -> 2Q24 | K9: =K$4&K5&K8 -> 3Q24 | ... AG9: =AG$4&AG5&AG8 -> FY28E
C10: Period end date | D10: 44957 | E10: 45046 | F10: 45138 | G10: 45230 | H10: 45230 | I10: 45322 | J10: 45412 | K10: 45504 | L10: 45596 | M10: 45596 | N10: 45688 | O10: 45777 | P10: 45869 | Q10: 45961 | R10: 45961 | S10: 46053 | T10: 46142 | U10: 46234 | V10: 46326 | W10: 46326 | X10: 46418 | Y10: 46507 | Z10: 46599 | AA10: 46691 | AB10: 46691 | AC10: 46783 | AD10: 46873 | AE10: 46965 | AF10: 47057 | AG10: 47057
B11: TOP-LINE SUMMARY (from bottom of tab)
C12: Total Agilent revenue ($M) | D12: =D54 -> 1756 | E12: =E54 -> 1717 | F12: =F54 -> 1672 | G12: =G54 -> 1688 | H12: =H54 -> 6833 | I12: =I54 -> 1658 | J12: =J54 -> 1573 | K12: =K54 -> 1578 | ... AG12: =AG54 -> 7977.8383
C13: Reported Y/Y | D13: =D55 -> 0 | E13: =E55 -> 0 | F13: =F55 -> 0 | G13: =G55 -> 0 | H13: =H55 -> 0 | I13: =I55 -> -0.055808656 | J13: =J55 -> -0.08386721 | K13: =K55 -> -0.056220096 | ... AG13: =AG55 -> 0.04
C14: Organic | D14: =D56 -> 0 | E14: =E56 -> 0 | F14: =F56 -> 0 | G14: =G56 -> 0 | H14: =H56 -> 0 | I14: =I56 -> -0.063808656 | J14: =J56 -> -0.06986721 | K14: =K56 -> -0.040220096 | ... AG14: =AG56 -> 0.04
C15: M&A | D15: =D57 -> 0 | E15: =E57 -> 0 | F15: =F57 -> 0 | G15: =G57 -> 0 | H15: =H57 -> 0 | I15: =I57 -> -0.001 | J15: =J57 -> 0 | K15: =K57 -> 0 | ... AG15: =AG57 -> 0
C16: FX | D16: =D58 -> 0 | E16: =E58 -> 0 | F16: =F58 -> 0 | G16: =G58 -> 0 | H16: =H58 -> 0 | I16: =I58 -> 0.009 | J16: =J58 -> -0.014 | K16: =K58 -> -0.016 | ... AG16: =AG58 -> 0
C18: Total adj operating income ($M) | D18: =D93 -> 483.645 | E18: =E93 -> 473.81 | F18: =F93 -> 461.435 | G18: =G93 -> 465.79 | H18: =H93 -> 1884.68 | I18: =I93 -> 457.53 | J18: =J93 -> 434.64 | K18: =K93 -> 436.33 | ... AG18: =AG93 -> 2204.348
C19: Total adj op margin % | D19: =D94 -> 0.27542426 | E19: =E94 -> 0.27595224 | F19: =F94 -> 0.27597787 | G19: =G94 -> 0.27594194 | H19: =H94 -> 0.27582028 | I19: =I94 -> 0.27595296 | J19: =J94 -> 0.27631278 | K19: =K94 -> 0.27650824 | ... AG19: =AG94 -> 0.27630893
C20: Margin Y/Y (bps) | D20: =D95 -> 0 | E20: =E95 -> 0 | F20: =F95 -> 0 | G20: =G95 -> 0 | H20: =H95 -> 0 | I20: =I95 -> 5.2869569 | J20: =J95 -> 3.6053585 | K20: =K95 -> 5.3036746 | ... AG20: =AG95 -> 0
B22: END MARKET REVENUE BUILD
A24: Bernstein / 10-Q | C24: Pharma | D24: 639 | E24: 612 | F24: 592 | G24: 590 | H24: =D24+E24+F24+G24 -> 2433 | I24: 565 | J24: 542 | K24: 540 | L24: 595 | M24: =I24+J24+K24+L24 -> 2242 | N24: 585 | O24: 603 | P24: 629 | Q24: 690 | R24: =N24+O24+P24+Q24 -> 2507 | S24: 640 | T24: 663 | U24: =P24*(1+U26+U27+U28) -> 654.16 | V24: =Q24*(1+V26+V27+V28) -> 717.6 | W24: =S24+T24+U24+V24 -> 2674.76 | X24: =S24*(1+X26+X27+X28) -> 665.6 | Y24: =T24*(1+Y26+Y27+Y28) -> 689.52 | Z24: =U24*(1+Z26+Z27+Z28) -> 680.3264 | AA24: =V24*(1+AA26+AA27+AA28) -> 746.304 | AB24: =X24+Y24+Z24+AA24 -> 2781.7504 | AC24: =X24*(1+AC26+AC27+AC28) -> 692.224 | AD24: =Y24*(1+AD26+AD27+AD28) -> 717.1008 | AE24: =Z24*(1+AE26+AE27+AE28) -> 707.53946 | AF24: =AA24*(1+AF26+AF27+AF28) -> 776.15616 | AG24: =AC24+AD24+AE24+AF24 -> 2893.0204
C25: Reported Y/Y | I25: =IFERROR(I24/D24-1,0) -> -0.11580595 | J25: =IFERROR(J24/E24-1,0) -> -0.11437908 | K25: =IFERROR(K24/F24-1,0) -> -0.087837838 | L25: =IFERROR(L24/G24-1,0) -> 0.0084745763 | M25: =IFERROR(M24/H24-1,0) -> -0.078503905 | N25: =IFERROR(N24/I24-1,0) -> 0.03539823 | O25: =IFERROR(O24/J24-1,0) -> 0.11254613 | P25: =IFERROR(P24/K24-1,0) -> 0.16481481 | ... T25: =IFERROR(T24/O24-1,0) -> 0.099502488 | U25: =U26+U27+U28 -> 0.04 | V25: =V26+V27+V28 -> 0.04 | W25: =IFERROR(W24/R24-1,0) -> 0.066916633 | X25: =X26+X27+X28 -> 0.04 | Y25: =Y26+Y27+Y28 -> 0.04 | Z25: =Z26+Z27+Z28 -> 0.04 | AA25: =AA26+AA27+AA28 -> 0.04 | AB25: =IFERROR(AB24/W24-1,0) -> 0.04 | AC25: =AC26+AC27+AC28 -> 0.04 | AD25: =AD26+AD27+AD28 -> 0.04 | AE25: =AE26+AE27+AE28 -> 0.04 | AF25: =AF26+AF27+AF28 -> 0.04 | AG25: =IFERROR(AG24/AB24-1,0) -> 0.04
C26: Organic | D26: =IFERROR(D25-D27-D28,0) -> 0 | E26: =IFERROR(E25-E27-E28,0) -> 0 | F26: =IFERROR(F25-F27-F28,0) -> 0 | G26: =IFERROR(G25-G27-G28,0) -> 0 | I26: =IFERROR(I25-I27-I28,0) -> -0.1220579 | J26: =IFERROR(J25-J27-J28,0) -> -0.10037908 | K26: =IFERROR(K25-K27-K28,0) -> -0.071837838 | L26: =IFERROR(L25-L27-L28,0) -> -0.010691525 | M26: =IFERROR(((I26*D24)+(J26*E24)+(K26*F24)+(L26*G24))/(D24+E24+F24+G24),0) -> -0.077378956 | N26: =IFERROR(N25-N27-N28,0) -> 0.03339823 | O26: =IFERROR(O25-O27-O28,0) -> 0.058892989 | P26: =IFERROR(P25-P27-P28,0) -> 0.089214815 | Q26: =IFERROR(Q25-Q27-Q28,0) -> 0.11149916 | R26: =IFERROR(((N26*I24)+(O26*J24)+(P26*K24)+(Q26*L24))/(I24+J24+K24+L24),0) -> 0.073732382 | S26: =IFERROR(S25-S27-S28,0) -> 0.096866667 | T26: =IFERROR(T25-T27-T28,0) -> 0.059502488 | U26: 0.04 | V26: 0.04 | W26: =IFERROR(((S26*N24)+(T26*O24)+(U26*P24)+(V26*Q24))/(N24+O24+P24+Q24),0) -> 0.057960511 | X26: 0.04 | Y26: 0.04 | Z26: 0.04 | AA26: 0.04 | AB26: =IFERROR(((X26*S24)+(Y26*T24)+(Z26*U24)+(AA26*V24))/(S24+T24+U24+V24),0) -> 0.04 | AC26: 0.04 | AD26: 0.04 | AE26: 0.04 | AF26: 0.04 | AG26: =IFERROR(((AC26*X24)+(AD26*Y24)+(AE26*Z24)+(AF26*AA24))/(X24+Y24+Z24+AA24),0) -> 0.04
C27: M&A | D27: 0 | E27: 0 | F27: 0 | G27: 0 | I27: -0.0027480438 | J27: 0 | K27: 0 | L27: 0.017166102 | M27: =IFERROR(((I27*D24)+(J27*E24)+(K27*F24)+(L27*G24))/(D24+E24+F24+G24),0) -> 0.0034410193 | N27: 0 | O27: 0.069653137 | P27: 0.0526 | Q27: 0.037164706 | R27: =IFERROR(((N27*I24)+(O27*J24)+(P27*K24)+(Q27*L24))/(I24+J24+K24+L24),0) -> 0.039370651 | S27: -0.048849573 | T27: 0 | U27: 0 | V27: 0 | W27: =IFERROR(((S27*N24)+(T27*O24)+(U27*P24)+(V27*Q24))/(N24+O24+P24+Q24),0) -> -0.011398883 | X27: 0 | Y27: 0 | Z27: 0 | AA27: 0 | AB27: =IFERROR(((X27*S24)+(Y27*T24)+(Z27*U24)+(AA27*V24))/(S24+T24+U24+V24),0) -> 0 | AC27: 0 | AD27: 0 | AE27: 0 | AF27: 0 | AG27: =IFERROR(((AC27*X24)+(AD27*Y24)+(AE27*Z24)+(AF27*AA24))/(X24+Y24+Z24+AA24),0) -> 0
C28: FX | I28: 0.009 | J28: -0.014 | K28: -0.016 | L28: 0.002 | M28: =IFERROR(((I28*D24)+(J28*E24)+(K28*F24)+(L28*G24))/(D24+E24+F24+G24),0) -> -0.0045659679 | N28: 0.002 | O28: -0.016 | P28: 0.023 | Q28: 0.011 | R28: =IFERROR(((N28*I24)+(O28*J24)+(P28*K24)+(Q28*L24))/(I24+J24+K24+L24),0) -> 0.0050950045 | S28: 0.046 | T28: 0.04 | U28: 0 | V28: 0 | W28: =IFERROR(((S28*N24)+(T28*O24)+(U28*P24)+(V28*Q24))/(N24+O24+P24+Q24),0) -> 0.020355006 | X28: 0 | Y28: 0 | Z28: 0 | AA28: 0 | AB28: =IFERROR(((X28*S24)+(Y28*T24)+(Z28*U24)+(AA28*V24))/(S24+T24+U24+V24),0) -> 0 | AC28: 0 | AD28: 0 | AE28: 0 | AF28: 0 | AG28: =IFERROR(((AC28*X24)+(AD28*Y24)+(AE28*Z24)+(AF28*AA24))/(X24+Y24+Z24+AA24),0) -> 0
A29: Bernstein / 10-Q | C29: Chemical & Applied | D29: 406 | E29: 378 | F29: 378 | G29: 381 | H29: =D29+E29+F29+G29 -> 1543 | I29: 392 | J29: 362 | K29: 356 | L29: 385 | M29: =I29+J29+K29+L29 -> 1495 | N29: 379 | O29: 369 | P29: 399 | Q29: 414 | R29: =N29+O29+P29+Q29 -> 1561 | S29: 422 | T29: 412 | U29: =P29*(1+U31+U32+U33) -> 414.96 | V29: =Q29*(1+V31+V32+V33) -> 430.56 | W29: =S29+T29+U29+V29 -> 1679.52 | X29: =S29*(1+X31+X32+X33) -> 438.88 | Y29: =T29*(1+Y31+Y32+Y33) -> 428.48 | Z29: =U29*(1+Z31+Z32+Z33) -> 431.5584 | AA29: =V29*(1+AA31+AA32+AA33) -> 447.7824 | AB29: =X29+Y29+Z29+AA29 -> 1746.7008 | AC29: =X29*(1+AC31+AC32+AC33) -> 456.4352 | AD29: =Y29*(1+AD31+AD32+AD33) -> 445.6192 | AE29: =Z29*(1+AE31+AE32+AE33) -> 448.82074 | AF29: =AA29*(1+AF31+AF32+AF33) -> 465.6937 | AG29: =AC29+AD29+AE29+AF29 -> 1816.5688
C30: Reported Y/Y | I30: =IFERROR(I29/D29-1,0) -> -0.034482759 | J30: =IFERROR(J29/E29-1,0) -> -0.042328042 | K30: =IFERROR(K29/F29-1,0) -> -0.058201058 | L30: =IFERROR(L29/G29-1,0) -> 0.010498688 | M30: =IFERROR(M29/H29-1,0) -> -0.031108231 | N30: =IFERROR(N29/I29-1,0) -> -0.033163265 | O30: =IFERROR(O29/J29-1,0) -> 0.019337017 | P30: =IFERROR(P29/K29-1,0) -> 0.12078652 | ... T30: =IFERROR(T29/O29-1,0) -> 0.11653117 | U30: =U31+U32+U33 -> 0.04 | V30: =V31+V32+V33 -> 0.04 | W30: =IFERROR(W29/R29-1,0) -> 0.075925689 | X30: =X31+X32+X33 -> 0.04 | Y30: =Y31+Y32+Y33 -> 0.04 | Z30: =Z31+Z32+Z33 -> 0.04 | AA30: =AA31+AA32+AA33 -> 0.04 | AB30: =IFERROR(AB29/W29-1,0) -> 0.04 | AC30: =AC31+AC32+AC33 -> 0.04 | AD30: =AD31+AD32+AD33 -> 0.04 | AE30: =AE31+AE32+AE33 -> 0.04 | AF30: =AF31+AF32+AF33 -> 0.04 | AG30: =IFERROR(AG29/AB29-1,0) -> 0.04
C31: Organic | D31: =IFERROR(D30-D32-D33,0) -> 0 | E31: =IFERROR(E30-E32-E33,0) -> 0 | F31: =IFERROR(F30-F32-F33,0) -> 0 | G31: =IFERROR(G30-G32-G33,0) -> 0 | I31: =IFERROR(I30-I32-I33,0) -> -0.043482759 | J31: =IFERROR(J30-J32-J33,0) -> -0.028328042 | K31: =IFERROR(K30-K32-K33,0) -> -0.042201058 | L31: =IFERROR(L30-L32-L33,0) -> 0.0084986877 | M31: =IFERROR(((I31*D29)+(J31*E29)+(K31*F29)+(L31*G29))/(D29+E29+F29+G29),0) -> -0.026620868 | N31: =IFERROR(N30-N32-N33,0) -> -0.035163265 | O31: =IFERROR(O30-O32-O33,0) -> 0.035337017 | P31: =IFERROR(P30-P32-P33,0) -> 0.097786517 | Q31: =IFERROR(Q30-Q32-Q33,0) -> 0.064324675 | R31: =IFERROR(((N31*I29)+(O31*J29)+(P31*K29)+(Q31*L29))/(I29+J29+K29+L29),0) -> 0.039187291 | S31: =IFERROR(S30-S32-S33,0) -> 0.067456464 | T31: =IFERROR(T30-T32-T33,0) -> 0.076531165 | U31: 0.04 | V31: 0.04 | W31: =IFERROR(((S31*N29)+(T31*O29)+(U31*P29)+(V31*Q29))/(N29+O29+P29+Q29),0) -> 0.05530173 | X31: 0.04 | Y31: 0.04 | Z31: 0.04 | AA31: 0.04 | AB31: =IFERROR(((X31*S29)+(Y31*T29)+(Z31*U29)+(AA31*V29))/(S29+T29+U29+V29),0) -> 0.04 | AC31: 0.04 | AD31: 0.04 | AE31: 0.04 | AF31: 0.04 | AG31: =IFERROR(((AC31*X29)+(AD31*Y29)+(AE31*Z29)+(AF31*AA29))/(X29+Y29+Z29+AA29),0) -> 0.04
C32: M&A | D32: 0 | E32: 0 | F32: 0 | G32: 0 | I32: 0 | J32: 0 | K32: 0 | L32: 0 | M32: =IFERROR(((I32*D29)+(J32*E29)+(K32*F29)+(L32*G29))/(D29+E29+F29+G29),0) -> 0 | N32: 0 | O32: 0 | P32: 0 | Q32: 0 | R32: =IFERROR(((N32*I29)+(O32*J29)+(P32*K29)+(Q32*L29))/(I29+J29+K29+L29),0) -> 0 | S32: 0 | T32: 0 | U32: 0 | V32: 0 | W32: =IFERROR(((S32*N29)+(T32*O29)+(U32*P29)+(V32*Q29))/(N29+O29+P29+Q29),0) -> 0 | X32: 0 | Y32: 0 | Z32: 0 | AA32: 0 | AB32: =IFERROR(((X32*S29)+(Y32*T29)+(Z32*U29)+(AA32*V29))/(S29+T29+U29+V29),0) -> 0 | AC32: 0 | AD32: 0 | AE32: 0 | AF32: 0 | AG32: =IFERROR(((AC32*X29)+(AD32*Y29)+(AE32*Z29)+(AF32*AA29))/(X29+Y29+Z29+AA29),0) -> 0
C33: FX | I33: 0.009 | J33: -0.014 | K33: -0.016 | L33: 0.002 | M33: =IFERROR(((I33*D29)+(J33*E29)+(K33*F29)+(L33*G29))/(D29+E29+F29+G29),0) -> -0.0044873623 | N33: 0.002 | O33: -0.016 | P33: 0.023 | Q33: 0.011 | R33: =IFERROR(((N33*I29)+(O33*J29)+(P33*K29)+(Q33*L29))/(I29+J29+K29+L29),0) -> 0.0049598662 | S33: 0.046 | T33: 0.04 | U33: 0 | V33: 0 | W33: =IFERROR(((S33*N29)+(T33*O29)+(U33*P29)+(V33*Q29))/(N29+O29+P29+Q29),0) -> 0.020623959 | X33: 0 | Y33: 0 | Z33: 0 | AA33: 0 | AB33: =IFERROR(((X33*S29)+(Y33*T29)+(Z33*U29)+(AA33*V29))/(S29+T29+U29+V29),0) -> 0 | AC33: 0 | AD33: 0 | AE33: 0 | AF33: 0 | AG33: =IFERROR(((AC33*X29)+(AD33*Y29)+(AE33*Z29)+(AF33*AA29))/(X29+Y29+Z29+AA29),0) -> 0
A34: Bernstein / 10-Q | C34: Diagnostics & Clinical | D34: 239 | E34: 250 | F34: 241 | G34: 236 | H34: =D34+E34+F34+G34 -> 966 | I34: 228 | J34: 239 | K34: 242 | L34: 255 | M34: =I34+J34+K34+L34 -> 964 | N34: 240 | O34: 255 | P34: 258 | Q34: 276 | R34: =N34+O34+P34+Q34 -> 1029 | S34: 263 | T34: 295 | U34: =P34*(1+U36+U37+U38) -> 268.32 | V34: =Q34*(1+V36+V37+V38) -> 287.04 | W34: =S34+T34+U34+V34 -> 1113.36 | X34: =S34*(1+X36+X37+X38) -> 273.52 | Y34: =T34*(1+Y36+Y37+Y38) -> 306.8 | Z34: =U34*(1+Z36+Z37+Z38) -> 279.0528 | AA34: =V34*(1+AA36+AA37+AA38) -> 298.5216 | AB34: =X34+Y34+Z34+AA34 -> 1157.8944 | AC34: =X34*(1+AC36+AC37+AC38) -> 284.4608 | AD34: =Y34*(1+AD36+AD37+AD38) -> 319.072 | AE34: =Z34*(1+AE36+AE37+AE38) -> 290.21491 | AF34: =AA34*(1+AF36+AF37+AF38) -> 310.46246 | AG34: =AC34+AD34+AE34+AF34 -> 1204.2102
C35: Reported Y/Y | I35: =IFERROR(I34/D34-1,0) -> -0.046025105 | J35: =IFERROR(J34/E34-1,0) -> -0.044 | K35: =IFERROR(K34/F34-1,0) -> 0.0041493776 | L35: =IFERROR(L34/G34-1,0) -> 0.080508475 | M35: =IFERROR(M34/H34-1,0) -> -0.0020703934 | N35: =IFERROR(N34/I34-1,0) -> 0.052631579 | O35: =IFERROR(O34/J34-1,0) -> 0.066945607 | P35: =IFERROR(P34/K34-1,0) -> 0.066115702 | ... T35: =IFERROR(T34/O34-1,0) -> 0.15686275 | U35: =U36+U37+U38 -> 0.04 | V35: =V36+V37+V38 -> 0.04 | W35: =IFERROR(W34/R34-1,0) -> 0.081982507 | X35: =X36+X37+X38 -> 0.04 | Y35: =Y36+Y37+Y38 -> 0.04 | Z35: =Z36+Z37+Z38 -> 0.04 | AA35: =AA36+AA37+AA38 -> 0.04 | AB35: =IFERROR(AB34/W34-1,0) -> 0.04 | AC35: =AC36+AC37+AC38 -> 0.04 | AD35: =AD36+AD37+AD38 -> 0.04 | AE35: =AE36+AE37+AE38 -> 0.04 | AF35: =AF36+AF37+AF38 -> 0.04 | AG35: =IFERROR(AG34/AB34-1,0) -> 0.04
C36: Organic | D36: =IFERROR(D35-D37-D38,0) -> 0 | E36: =IFERROR(E35-E37-E38,0) -> 0 | F36: =IFERROR(F35-F37-F38,0) -> 0 | G36: =IFERROR(G35-G37-G38,0) -> 0 | I36: =IFERROR(I35-I37-I38,0) -> -0.055025105 | J36: =IFERROR(J35-J37-J38,0) -> -0.03 | K36: =IFERROR(K35-K37-K38,0) -> 0.020149378 | L36: =IFERROR(L35-L37-L38,0) -> 0.078508475 | M36: =IFERROR(((I36*D34)+(J36*E34)+(K36*F34)+(L36*G34))/(D34+E34+F34+G34),0) -> 0.0028291925 | N36: =IFERROR(N35-N37-N38,0) -> 0.050631579 | O36: =IFERROR(O35-O37-O38,0) -> 0.082945607 | P36: =IFERROR(P35-P37-P38,0) -> 0.043115702 | Q36: =IFERROR(Q35-Q37-Q38,0) -> 0.071352941 | R36: =IFERROR(((N36*I34)+(O36*J34)+(P36*K34)+(Q36*L34))/(I34+J34+K34+L34),0) -> 0.062237552 | S36: =IFERROR(S35-S37-S38,0) -> 0.049833333 | T36: =IFERROR(T35-T37-T38,0) -> 0.11686275 | U36: 0.04 | V36: 0.04 | W36: =IFERROR(((S36*N34)+(T36*O34)+(U36*P34)+(V36*Q34))/(N34+O34+P34+Q34),0) -> 0.061341108 | X36: 0.04 | Y36: 0.04 | Z36: 0.04 | AA36: 0.04 | AB36: =IFERROR(((X36*S34)+(Y36*T34)+(Z36*U34)+(AA36*V34))/(S34+T34+U34+V34),0) -> 0.04 | AC36: 0.04 | AD36: 0.04 | AE36: 0.04 | AF36: 0.04 | AG36: =IFERROR(((AC36*X34)+(AD36*Y34)+(AE36*Z34)+(AF36*AA34))/(X34+Y34+Z34+AA34),0) -> 0.04
C37: M&A | D37: 0 | E37: 0 | F37: 0 | G37: 0 | I37: 0 | J37: 0 | K37: 0 | L37: 0 | M37: =IFERROR(((I37*D34)+(J37*E34)+(K37*F34)+(L37*G34))/(D34+E34+F34+G34),0) -> 0 | N37: 0 | O37: 0 | P37: 0 | Q37: 0 | R37: =IFERROR(((N37*I34)+(O37*J34)+(P37*K34)+(Q37*L34))/(I34+J34+K34+L34),0) -> 0 | S37: 0 | T37: 0 | U37: 0 | V37: 0 | W37: =IFERROR(((S37*N34)+(T37*O34)+(U37*P34)+(V37*Q34))/(N34+O34+P34+Q34),0) -> 0 | X37: 0 | Y37: 0 | Z37: 0 | AA37: 0 | AB37: =IFERROR(((X37*S34)+(Y37*T34)+(Z37*U34)+(AA37*V34))/(S34+T34+U34+V34),0) -> 0 | AC37: 0 | AD37: 0 | AE37: 0 | AF37: 0 | AG37: =IFERROR(((AC37*X34)+(AD37*Y34)+(AE37*Z34)+(AF37*AA34))/(X34+Y34+Z34+AA34),0) -> 0
C38: FX | I38: 0.009 | J38: -0.014 | K38: -0.016 | L38: 0.002 | M38: =IFERROR(((I38*D34)+(J38*E34)+(K38*F34)+(L38*G34))/(D34+E34+F34+G34),0) -> -0.0048995859 | N38: 0.002 | O38: -0.016 | P38: 0.023 | Q38: 0.011 | R38: =IFERROR(((N38*I34)+(O38*J34)+(P38*K34)+(Q38*L34))/(I34+J34+K34+L34),0) -> 0.005189834 | S38: 0.046 | T38: 0.04 | U38: 0 | V38: 0 | W38: =IFERROR(((S38*N34)+(T38*O34)+(U38*P34)+(V38*Q34))/(N34+O34+P34+Q34),0) -> 0.020641399 | X38: 0 | Y38: 0 | Z38: 0 | AA38: 0 | AB38: =IFERROR(((X38*S34)+(Y38*T34)+(Z38*U34)+(AA38*V34))/(S34+T34+U34+V34),0) -> 0 | AC38: 0 | AD38: 0 | AE38: 0 | AF38: 0 | AG38: =IFERROR(((AC38*X34)+(AD38*Y34)+(AE38*Z34)+(AF38*AA34))/(X34+Y34+Z34+AA34),0) -> 0
A39: Bernstein / 10-Q | C39: Food | D39: 160 | E39: 161 | F39: 151 | G39: 156 | H39: =D39+E39+F39+G39 -> 628 | I39: 157 | J39: 139 | K39: 144 | L39: 152 | M39: =I39+J39+K39+L39 -> 592 | N39: 168 | O39: 147 | P39: 157 | Q39: 165 | R39: =N39+O39+P39+Q39 -> 637 | S39: 166 | T39: 147 | U39: =P39*(1+U41+U42+U43) -> 163.28 | V39: =Q39*(1+V41+V42+V43) -> 171.6 | W39: =S39+T39+U39+V39 -> 647.88 | X39: =S39*(1+X41+X42+X43) -> 172.64 | Y39: =T39*(1+Y41+Y42+Y43) -> 152.88 | Z39: =U39*(1+Z41+Z42+Z43) -> 169.8112 | AA39: =V39*(1+AA41+AA42+AA43) -> 178.464 | AB39: =X39+Y39+Z39+AA39 -> 673.7952 | AC39: =X39*(1+AC41+AC42+AC43) -> 179.5456 | AD39: =Y39*(1+AD41+AD42+AD43) -> 158.9952 | AE39: =Z39*(1+AE41+AE42+AE43) -> 176.60365 | AF39: =AA39*(1+AF41+AF42+AF43) -> 185.60256 | AG39: =AC39+AD39+AE39+AF39 -> 700.74701
C40: Reported Y/Y | I40: =IFERROR(I39/D39-1,0) -> -0.01875 | J40: =IFERROR(J39/E39-1,0) -> -0.13664596 | K40: =IFERROR(K39/F39-1,0) -> -0.046357616 | L40: =IFERROR(L39/G39-1,0) -> -0.025641026 | M40: =IFERROR(M39/H39-1,0) -> -0.057324841 | N40: =IFERROR(N39/I39-1,0) -> 0.070063694 | O40: =IFERROR(O39/J39-1,0) -> 0.057553957 | P40: =IFERROR(P39/K39-1,0) -> 0.090277778 | ... T40: =IFERROR(T39/O39-1,0) -> 0 | U40: =U41+U42+U43 -> 0.04 | V40: =V41+V42+V43 -> 0.04 | W40: =IFERROR(W39/R39-1,0) -> 0.017080063 | X40: =X41+X42+X43 -> 0.04 | Y40: =Y41+Y42+Y43 -> 0.04 | Z40: =Z41+Z42+Z43 -> 0.04 | AA40: =AA41+AA42+AA43 -> 0.04 | AB40: =IFERROR(AB39/W39-1,0) -> 0.04 | AC40: =AC41+AC42+AC43 -> 0.04 | AD40: =AD41+AD42+AD43 -> 0.04 | AE40: =AE41+AE42+AE43 -> 0.04 | AF40: =AF41+AF42+AF43 -> 0.04 | AG40: =IFERROR(AG39/AB39-1,0) -> 0.04
C41: Organic | D41: =IFERROR(D40-D42-D43,0) -> 0 | E41: =IFERROR(E40-E42-E43,0) -> 0 | F41: =IFERROR(F40-F42-F43,0) -> 0 | G41: =IFERROR(G40-G42-G43,0) -> 0 | I41: =IFERROR(I40-I42-I43,0) -> -0.02775 | J41: =IFERROR(J40-J42-J43,0) -> -0.12264596 | K41: =IFERROR(K40-K42-K43,0) -> -0.030357616 | L41: =IFERROR(L40-L42-L43,0) -> -0.027641026 | M41: =IFERROR(((I41*D39)+(J41*E39)+(K41*F39)+(L41*G39))/(D39+E39+F39+G39),0) -> -0.052678344 | N41: =IFERROR(N40-N42-N43,0) -> 0.068063694 | O41: =IFERROR(O40-O42-O43,0) -> 0.073553957 | P41: =IFERROR(P40-P42-P43,0) -> 0.067277778 | Q41: =IFERROR(Q40-Q42-Q43,0) -> 0.074526316 | R41: =IFERROR(((N41*I39)+(O41*J39)+(P41*K39)+(Q41*L39))/(I39+J39+K39+L39),0) -> 0.070820946 | S41: =IFERROR(S40-S42-S43,0) -> -0.057904762 | T41: =IFERROR(T40-T42-T43,0) -> -0.04 | U41: 0.04 | V41: 0.04 | W41: =IFERROR(((S41*N39)+(T41*O39)+(U41*P39)+(V41*Q39))/(N39+O39+P39+Q39),0) -> -0.0042825746 | X41: 0.04 | Y41: 0.04 | Z41: 0.04 | AA41: 0.04 | AB41: =IFERROR(((X41*S39)+(Y41*T39)+(Z41*U39)+(AA41*V39))/(S39+T39+U39+V39),0) -> 0.04 | AC41: 0.04 | AD41: 0.04 | AE41: 0.04 | AF41: 0.04 | AG41: =IFERROR(((AC41*X39)+(AD41*Y39)+(AE41*Z39)+(AF41*AA39))/(X39+Y39+Z39+AA39),0) -> 0.04
C42: M&A | D42: 0 | E42: 0 | F42: 0 | G42: 0 | I42: 0 | J42: 0 | K42: 0 | L42: 0 | M42: =IFERROR(((I42*D39)+(J42*E39)+(K42*F39)+(L42*G39))/(D39+E39+F39+G39),0) -> 0 | N42: 0 | O42: 0 | P42: 0 | Q42: 0 | R42: =IFERROR(((N42*I39)+(O42*J39)+(P42*K39)+(Q42*L39))/(I39+J39+K39+L39),0) -> 0 | S42: 0 | T42: 0 | U42: 0 | V42: 0 | W42: =IFERROR(((S42*N39)+(T42*O39)+(U42*P39)+(V42*Q39))/(N39+O39+P39+Q39),0) -> 0 | X42: 0 | Y42: 0 | Z42: 0 | AA42: 0 | AB42: =IFERROR(((X42*S39)+(Y42*T39)+(Z42*U39)+(AA42*V39))/(S39+T39+U39+V39),0) -> 0 | AC42: 0 | AD42: 0 | AE42: 0 | AF42: 0 | AG42: =IFERROR(((AC42*X39)+(AD42*Y39)+(AE42*Z39)+(AF42*AA39))/(X39+Y39+Z39+AA39),0) -> 0
C43: FX | I43: 0.009 | J43: -0.014 | K43: -0.016 | L43: 0.002 | M43: =IFERROR(((I43*D39)+(J43*E39)+(K43*F39)+(L43*G39))/(D39+E39+F39+G39),0) -> -0.0046464968 | N43: 0.002 | O43: -0.016 | P43: 0.023 | Q43: 0.011 | R43: =IFERROR(((N43*I39)+(O43*J39)+(P43*K39)+(Q43*L39))/(I39+J39+K39+L39),0) -> 0.0051925676 | S43: 0.046 | T43: 0.04 | U43: 0 | V43: 0 | W43: =IFERROR(((S43*N39)+(T43*O39)+(U43*P39)+(V43*Q39))/(N39+O39+P39+Q39),0) -> 0.021362637 | X43: 0 | Y43: 0 | Z43: 0 | AA43: 0 | AB43: =IFERROR(((X43*S39)+(Y43*T39)+(Z43*U39)+(AA43*V39))/(S39+T39+U39+V39),0) -> 0 | AC43: 0 | AD43: 0 | AE43: 0 | AF43: 0 | AG43: =IFERROR(((AC43*X39)+(AD43*Y39)+(AE43*Z39)+(AF43*AA39))/(X39+Y39+Z39+AA39),0) -> 0
A44: Bernstein / 10-Q | C44: Academia & Government | D44: 146 | E44: 159 | F44: 146 | G44: 150 | H44: =D44+E44+F44+G44 -> 601 | I44: 150 | J44: 139 | K44: 128 | L44: 150 | M44: =I44+J44+K44+L44 -> 567 | N44: 137 | O44: 135 | P44: 132 | Q44: 136 | R44: =N44+O44+P44+Q44 -> 540 | S44: 130 | T44: 132 | U44: =P44*(1+U46+U47+U48) -> 137.28 | V44: =Q44*(1+V46+V47+V48) -> 141.44 | W44: =S44+T44+U44+V44 -> 540.72 | X44: =S44*(1+X46+X47+X48) -> 135.2 | Y44: =T44*(1+Y46+Y47+Y48) -> 137.28 | Z44: =U44*(1+Z46+Z47+Z48) -> 142.7712 | AA44: =V44*(1+AA46+AA47+AA48) -> 147.0976 | AB44: =X44+Y44+Z44+AA44 -> 562.3488 | AC44: =X44*(1+AC46+AC47+AC48) -> 140.608 | AD44: =Y44*(1+AD46+AD47+AD48) -> 142.7712 | AE44: =Z44*(1+AE46+AE47+AE48) -> 148.48205 | AF44: =AA44*(1+AF46+AF47+AF48) -> 152.9815 | AG44: =AC44+AD44+AE44+AF44 -> 584.84275
C45: Reported Y/Y | I45: =IFERROR(I44/D44-1,0) -> 0.02739726 | J45: =IFERROR(J44/E44-1,0) -> -0.12578616 | K45: =IFERROR(K44/F44-1,0) -> -0.12328767 | L45: =IFERROR(L44/G44-1,0) -> 0 | M45: =IFERROR(M44/H44-1,0) -> -0.056572379 | N45: =IFERROR(N44/I44-1,0) -> -0.086666667 | O45: =IFERROR(O44/J44-1,0) -> -0.028776978 | P45: =IFERROR(P44/K44-1,0) -> 0.03125 | ... T45: =IFERROR(T44/O44-1,0) -> -0.022222222 | U45: =U46+U47+U48 -> 0.04 | V45: =V46+V47+V48 -> 0.04 | W45: =IFERROR(W44/R44-1,0) -> 0.0013333333 | X45: =X46+X47+X48 -> 0.04 | Y45: =Y46+Y47+Y48 -> 0.04 | Z45: =Z46+Z47+Z48 -> 0.04 | AA45: =AA46+AA47+AA48 -> 0.04 | AB45: =IFERROR(AB44/W44-1,0) -> 0.04 | AC45: =AC46+AC47+AC48 -> 0.04 | AD45: =AD46+AD47+AD48 -> 0.04 | AE45: =AE46+AE47+AE48 -> 0.04 | AF45: =AF46+AF47+AF48 -> 0.04 | AG45: =IFERROR(AG44/AB44-1,0) -> 0.04
C46: Organic | D46: =IFERROR(D45-D47-D48,0) -> 0 | E46: =IFERROR(E45-E47-E48,0) -> 0 | F46: =IFERROR(F45-F47-F48,0) -> 0 | G46: =IFERROR(G45-G47-G48,0) -> 0 | I46: =IFERROR(I45-I47-I48,0) -> 0.01839726 | J46: =IFERROR(J45-J47-J48,0) -> -0.11178616 | K46: =IFERROR(K45-K47-K48,0) -> -0.10728767 | L46: =IFERROR(L45-L47-L48,0) -> -0.002 | M46: =IFERROR(((I46*D44)+(J46*E44)+(K46*F44)+(L46*G44))/(D44+E44+F44+G44),0) -> -0.051667221 | N46: =IFERROR(N45-N47-N48,0) -> -0.088666667 | O46: =IFERROR(O45-O47-O48,0) -> -0.012776978 | P46: =IFERROR(P45-P47-P48,0) -> 0.00825 | Q46: =IFERROR(Q45-Q47-Q48,0) -> -0.10433333 | R46: =IFERROR(((N46*I44)+(O46*J44)+(P46*K44)+(Q46*L44))/(I44+J44+K44+L44),0) -> -0.052328042 | S46: =IFERROR(S45-S47-S48,0) -> -0.097094891 | T46: =IFERROR(T45-T47-T48,0) -> -0.062222222 | U46: 0.04 | V46: 0.04 | W46: =IFERROR(((S46*N44)+(T46*O44)+(U46*P44)+(V46*Q44))/(N44+O44+P44+Q44),0) -> -0.020337037 | X46: 0.04 | Y46: 0.04 | Z46: 0.04 | AA46: 0.04 | AB46: =IFERROR(((X46*S44)+(Y46*T44)+(Z46*U44)+(AA46*V44))/(S44+T44+U44+V44),0) -> 0.04 | AC46: 0.04 | AD46: 0.04 | AE46: 0.04 | AF46: 0.04 | AG46: =IFERROR(((AC46*X44)+(AD46*Y44)+(AE46*Z44)+(AF46*AA44))/(X44+Y44+Z44+AA44),0) -> 0.04
C47: M&A | D47: 0 | E47: 0 | F47: 0 | G47: 0 | I47: 0 | J47: 0 | K47: 0 | L47: 0 | M47: =IFERROR(((I47*D44)+(J47*E44)+(K47*F44)+(L47*G44))/(D44+E44+F44+G44),0) -> 0 | N47: 0 | O47: 0 | P47: 0 | Q47: 0 | R47: =IFERROR(((N47*I44)+(O47*J44)+(P47*K44)+(Q47*L44))/(I44+J44+K44+L44),0) -> 0 | S47: 0 | T47: 0 | U47: 0 | V47: 0 | W47: =IFERROR(((S47*N44)+(T47*O44)+(U47*P44)+(V47*Q44))/(N44+O44+P44+Q44),0) -> 0 | X47: 0 | Y47: 0 | Z47: 0 | AA47: 0 | AB47: =IFERROR(((X47*S44)+(Y47*T44)+(Z47*U44)+(AA47*V44))/(S44+T44+U44+V44),0) -> 0 | AC47: 0 | AD47: 0 | AE47: 0 | AF47: 0 | AG47: =IFERROR(((AC47*X44)+(AD47*Y44)+(AE47*Z44)+(AF47*AA44))/(X44+Y44+Z44+AA44),0) -> 0
C48: FX | I48: 0.009 | J48: -0.014 | K48: -0.016 | L48: 0.002 | M48: =IFERROR(((I48*D44)+(J48*E44)+(K48*F44)+(L48*G44))/(D44+E44+F44+G44),0) -> -0.0049051581 | N48: 0.002 | O48: -0.016 | P48: 0.023 | Q48: 0.011 | R48: =IFERROR(((N48*I44)+(O48*J44)+(P48*K44)+(Q48*L44))/(I44+J44+K44+L44),0) -> 0.0047089947 | S48: 0.046 | T48: 0.04 | U48: 0 | V48: 0 | W48: =IFERROR(((S48*N44)+(T48*O44)+(U48*P44)+(V48*Q44))/(N44+O44+P44+Q44),0) -> 0.02167037 | X48: 0 | Y48: 0 | Z48: 0 | AA48: 0 | AB48: =IFERROR(((X48*S44)+(Y48*T44)+(Z48*U44)+(AA48*V44))/(S44+T44+U44+V44),0) -> 0 | AC48: 0 | AD48: 0 | AE48: 0 | AF48: 0 | AG48: =IFERROR(((AC48*X44)+(AD48*Y44)+(AE48*Z44)+(AF48*AA44))/(X44+Y44+Z44+AA44),0) -> 0
A49: Bernstein / 10-Q | C49: Environmental & Forensics | D49: 166 | E49: 157 | F49: 164 | G49: 175 | H49: =D49+E49+F49+G49 -> 662 | I49: 166 | J49: 152 | K49: 168 | L49: 164 | M49: =I49+J49+K49+L49 -> 650 | N49: 172 | O49: 159 | P49: 163 | Q49: 180 | R49: =N49+O49+P49+Q49 -> 674 | S49: 177 | T49: 186 | U49: =P49*(1+U51+U52+U53) -> 169.52 | V49: =Q49*(1+V51+V52+V53) -> 187.2 | W49: =S49+T49+U49+V49 -> 719.72 | X49: =S49*(1+X51+X52+X53) -> 184.08 | Y49: =T49*(1+Y51+Y52+Y53) -> 193.44 | Z49: =U49*(1+Z51+Z52+Z53) -> 176.3008 | AA49: =V49*(1+AA51+AA52+AA53) -> 194.688 | AB49: =X49+Y49+Z49+AA49 -> 748.5088 | AC49: =X49*(1+AC51+AC52+AC53) -> 191.4432 | AD49: =Y49*(1+AD51+AD52+AD53) -> 201.1776 | AE49: =Z49*(1+AE51+AE52+AE53) -> 183.35283 | AF49: =AA49*(1+AF51+AF52+AF53) -> 202.47552 | AG49: =AC49+AD49+AE49+AF49 -> 778.44915
C50: Reported Y/Y | I50: =IFERROR(I49/D49-1,0) -> 0 | J50: =IFERROR(J49/E49-1,0) -> -0.031847134 | K50: =IFERROR(K49/F49-1,0) -> 0.024390244 | L50: =IFERROR(L49/G49-1,0) -> -0.062857143 | M50: =IFERROR(M49/H49-1,0) -> -0.018126888 | N50: =IFERROR(N49/I49-1,0) -> 0.036144578 | O50: =IFERROR(O49/J49-1,0) -> 0.046052632 | P50: =IFERROR(P49/K49-1,0) -> -0.029761905 | ... T50: =IFERROR(T49/O49-1,0) -> 0.16981132 | U50: =U51+U52+U53 -> 0.04 | V50: =V51+V52+V53 -> 0.04 | W50: =IFERROR(W49/R49-1,0) -> 0.067833828 | X50: =X51+X52+X53 -> 0.04 | Y50: =Y51+Y52+Y53 -> 0.04 | Z50: =Z51+Z52+Z53 -> 0.04 | AA50: =AA51+AA52+AA53 -> 0.04 | AB50: =IFERROR(AB49/W49-1,0) -> 0.04 | AC50: =AC51+AC52+AC53 -> 0.04 | AD50: =AD51+AD52+AD53 -> 0.04 | AE50: =AE51+AE52+AE53 -> 0.04 | AF50: =AF51+AF52+AF53 -> 0.04 | AG50: =IFERROR(AG49/AB49-1,0) -> 0.04
C51: Organic | D51: =IFERROR(D50-D52-D53,0) -> 0 | E51: =IFERROR(E50-E52-E53,0) -> 0 | F51: =IFERROR(F50-F52-F53,0) -> 0 | G51: =IFERROR(G50-G52-G53,0) -> 0 | I51: =IFERROR(I50-I52-I53,0) -> -0.009 | J51: =IFERROR(J50-J52-J53,0) -> -0.017847134 | K51: =IFERROR(K50-K52-K53,0) -> 0.040390244 | L51: =IFERROR(L50-L52-L53,0) -> -0.064857143 | M51: =IFERROR(((I51*D49)+(J51*E49)+(K51*F49)+(L51*G49))/(D49+E49+F49+G49),0) -> -0.013628399 | N51: =IFERROR(N50-N52-N53,0) -> 0.034144578 | O51: =IFERROR(O50-O52-O53,0) -> 0.062052632 | P51: =IFERROR(P50-P52-P53,0) -> -0.052761905 | Q51: =IFERROR(Q50-Q52-Q53,0) -> 0.086560976 | R51: =IFERROR(((N51*I49)+(O51*J49)+(P51*K49)+(Q51*L49))/(I49+J49+K49+L49),0) -> 0.031433846 | S51: =IFERROR(S50-S52-S53,0) -> -0.016930233 | T51: =IFERROR(T50-T52-T53,0) -> 0.12981132 | U51: 0.04 | V51: 0.04 | W51: =IFERROR(((S51*N49)+(T51*O49)+(U51*P49)+(V51*Q49))/(N49+O49+P49+Q49),0) -> 0.046658754 | X51: 0.04 | Y51: 0.04 | Z51: 0.04 | AA51: 0.04 | AB51: =IFERROR(((X51*S49)+(Y51*T49)+(Z51*U49)+(AA51*V49))/(S49+T49+U49+V49),0) -> 0.04 | AC51: 0.04 | AD51: 0.04 | AE51: 0.04 | AF51: 0.04 | AG51: =IFERROR(((AC51*X49)+(AD51*Y49)+(AE51*Z49)+(AF51*AA49))/(X49+Y49+Z49+AA49),0) -> 0.04
C52: M&A | D52: 0 | E52: 0 | F52: 0 | G52: 0 | I52: 0 | J52: 0 | K52: 0 | L52: 0 | M52: =IFERROR(((I52*D49)+(J52*E49)+(K52*F49)+(L52*G49))/(D49+E49+F49+G49),0) -> 0 | N52: 0 | O52: 0 | P52: 0 | Q52: 0 | R52: =IFERROR(((N52*I49)+(O52*J49)+(P52*K49)+(Q52*L49))/(I49+J49+K49+L49),0) -> 0 | S52: 0 | T52: 0 | U52: 0 | V52: 0 | W52: =IFERROR(((S52*N49)+(T52*O49)+(U52*P49)+(V52*Q49))/(N49+O49+P49+Q49),0) -> 0 | X52: 0 | Y52: 0 | Z52: 0 | AA52: 0 | AB52: =IFERROR(((X52*S49)+(Y52*T49)+(Z52*U49)+(AA52*V49))/(S49+T49+U49+V49),0) -> 0 | AC52: 0 | AD52: 0 | AE52: 0 | AF52: 0 | AG52: =IFERROR(((AC52*X49)+(AD52*Y49)+(AE52*Z49)+(AF52*AA49))/(X49+Y49+Z49+AA49),0) -> 0
C53: FX | I53: 0.009 | J53: -0.014 | K53: -0.016 | L53: 0.002 | M53: =IFERROR(((I53*D49)+(J53*E49)+(K53*F49)+(L53*G49))/(D49+E49+F49+G49),0) -> -0.0044984894 | N53: 0.002 | O53: -0.016 | P53: 0.023 | Q53: 0.011 | R53: =IFERROR(((N53*I49)+(O53*J49)+(P53*K49)+(Q53*L49))/(I49+J49+K49+L49),0) -> 0.0054892308 | S53: 0.046 | T53: 0.04 | U53: 0 | V53: 0 | W53: =IFERROR(((S53*N49)+(T53*O49)+(U53*P49)+(V53*Q49))/(N49+O49+P49+Q49),0) -> 0.021175074 | X53: 0 | Y53: 0 | Z53: 0 | AA53: 0 | AB53: =IFERROR(((X53*S49)+(Y53*T49)+(Z53*U49)+(AA53*V49))/(S49+T49+U49+V49),0) -> 0 | AC53: 0 | AD53: 0 | AE53: 0 | AF53: 0 | AG53: =IFERROR(((AC53*X49)+(AD53*Y49)+(AE53*Z49)+(AF53*AA49))/(X49+Y49+Z49+AA49),0) -> 0
C54: TOTAL AGILENT REVENUE | D54: =D24+D29+D34+D39+D44+D49 -> 1756 | E54: =E24+E29+E34+E39+E44+E49 -> 1717 | F54: =F24+F29+F34+F39+F44+F49 -> 1672 | G54: =G24+G29+G34+G39+G44+G49 -> 1688 | H54: =H24+H29+H34+H39+H44+H49 -> 6833 | I54: =I24+I29+I34+I39+I44+I49 -> 1658 | J54: =J24+J29+J34+J39+J44+J49 -> 1573 | K54: =K24+K29+K34+K39+K44+K49 -> 1578 | ... AG54: =AG24+AG29+AG34+AG39+AG44+AG49 -> 7977.8383
C55: Reported Y/Y | I55: =IFERROR(I54/D54-1,0) -> -0.055808656 | J55: =IFERROR(J54/E54-1,0) -> -0.08386721 | K55: =IFERROR(K54/F54-1,0) -> -0.056220096 | L55: =IFERROR(L54/G54-1,0) -> 0.0077014218 | M55: =IFERROR(M54/H54-1,0) -> -0.047270599 | N55: =IFERROR(N54/I54-1,0) -> 0.013872135 | O55: =IFERROR(O54/J54-1,0) -> 0.060394151 | P55: =IFERROR(P54/K54-1,0) -> 0.10139417 | ... AG55: =IFERROR(AG54/AB54-1,0) -> 0.04
C56: Organic | I56: =IFERROR(((I26*D24)+(I31*D29)+(I36*D34)+(I41*D39)+(I46*D44)+(I51*D49))/(D24+D29+D34+D39+D44+D49),0) -> -0.063808656 | J56: =IFERROR(((J26*E24)+(J31*E29)+(J36*E34)+(J41*E39)+(J46*E44)+(J51*E49))/(E24+E29+E34+E39+E44+E49),0) -> -0.06986721 | K56: =IFERROR(((K26*F24)+(K31*F29)+(K36*F34)+(K41*F39)+(K46*F44)+(K51*F49))/(F24+F29+F34+F39+F44+F49),0) -> -0.040220096 | L56: =IFERROR(((L26*G24)+(L31*G29)+(L36*G34)+(L41*G39)+(L46*G44)+(L51*G49))/(G24+G29+G34+G39+G44+G49),0) -> -0.0002985782 | M56: =IFERROR(((I56*D54)+(J56*E54)+(K56*F54)+(L56*G54))/(D54+E54+F54+G54),0) -> -0.04386975 | N56: =IFERROR(((N26*I24)+(N31*I29)+(N36*I34)+(N41*I39)+(N46*I44)+(N51*I49))/(I24+I29+I34+I39+I44+I49),0) -> 0.011872135 | O56: =IFERROR(((O26*J24)+(O31*J29)+(O36*J34)+(O41*J39)+(O46*J44)+(O51*J49))/(J24+J29+J34+J39+J44+J49),0) -> 0.052394151 | P56: =IFERROR(((P26*K24)+(P31*K29)+(P36*K34)+(P41*K39)+(P46*K44)+(P51*K49))/(K24+K29+K34+K39+K44+K49),0) -> 0.06039417 | Q56: =IFERROR(((Q26*L24)+(Q31*L29)+(Q36*L34)+(Q41*L39)+(Q46*L44)+(Q51*L49))/(L24+L29+L34+L39+L44+L49),0) -> 0.070062316 | R56: =IFERROR(((N56*I54)+(O56*J54)+(P56*K54)+(Q56*L54))/(I54+J54+K54+L54),0) -> 0.048629493 | S56: =IFERROR(((S26*N24)+(S31*N29)+(S36*N34)+(S41*N39)+(S46*N44)+(S51*N49))/(N24+N29+N34+N39+N44+N49),0) -> 0.040601428 | T56: =IFERROR(((T26*O24)+(T31*O29)+(T36*O34)+(T41*O39)+(T46*O44)+(T51*O49))/(O24+O29+O34+O39+O44+O49),0) -> 0.060119904 | U56: =IFERROR(((U26*P24)+(U31*P29)+(U36*P34)+(U41*P39)+(U46*P44)+(U51*P49))/(P24+P29+P34+P39+P44+P49),0) -> 0.04 | V56: =IFERROR(((V26*Q24)+(V31*Q29)+(V36*Q34)+(V41*Q39)+(V46*Q44)+(V51*Q49))/(Q24+Q29+Q34+Q39+Q44+Q49),0) -> 0.04 | W56: =IFERROR(((S56*N54)+(T56*O54)+(U56*P54)+(V56*Q54))/(N54+O54+P54+Q54),0) -> 0.044975676 | X56: =IFERROR(((X26*S24)+(X31*S29)+(X36*S34)+(X41*S39)+(X46*S44)+(X51*S49))/(S24+S29+S34+S39+S44+S49),0) -> 0.04 | Y56: =IFERROR(((Y26*T24)+(Y31*T29)+(Y36*T34)+(Y41*T39)+(Y46*T44)+(Y51*T49))/(T24+T29+T34+T39+T44+T49),0) -> 0.04 | Z56: =IFERROR(((Z26*U24)+(Z31*U29)+(Z36*U34)+(Z41*U39)+(Z46*U44)+(Z51*U49))/(U24+U29+U34+U39+U44+U49),0) -> 0.04 | AA56: =IFERROR(((AA26*V24)+(AA31*V29)+(AA36*V34)+(AA41*V39)+(AA46*V44)+(AA51*V49))/(V24+V29+V34+V39+V44+V49),0) -> 0.04 | AB56: =IFERROR(((X56*S54)+(Y56*T54)+(Z56*U54)+(AA56*V54))/(S54+T54+U54+V54),0) -> 0.04 | AC56: =IFERROR(((AC26*X24)+(AC31*X29)+(AC36*X34)+(AC41*X39)+(AC46*X44)+(AC51*X49))/(X24+X29+X34+X39+X44+X49),0) -> 0.04 | AD56: =IFERROR(((AD26*Y24)+(AD31*Y29)+(AD36*Y34)+(AD41*Y39)+(AD46*Y44)+(AD51*Y49))/(Y24+Y29+Y34+Y39+Y44+Y49),0) -> 0.04 | AE56: =IFERROR(((AE26*Z24)+(AE31*Z29)+(AE36*Z34)+(AE41*Z39)+(AE46*Z44)+(AE51*Z49))/(Z24+Z29+Z34+Z39+Z44+Z49),0) -> 0.04 | AF56: =IFERROR(((AF26*AA24)+(AF31*AA29)+(AF36*AA34)+(AF41*AA39)+(AF46*AA44)+(AF51*AA49))/(AA24+AA29+AA34+AA39+AA44+AA49),0) -> 0.04 | AG56: =IFERROR(((AC56*X54)+(AD56*Y54)+(AE56*Z54)+(AF56*AA54))/(X54+Y54+Z54+AA54),0) -> 0.04
C57: M&A | I57: =IFERROR(((I27*D24)+(I32*D29)+(I37*D34)+(I42*D39)+(I47*D44)+(I52*D49))/(D24+D29+D34+D39+D44+D49),0) -> -0.001 | J57: =IFERROR(((J27*E24)+(J32*E29)+(J37*E34)+(J42*E39)+(J47*E44)+(J52*E49))/(E24+E29+E34+E39+E44+E49),0) -> 0 | K57: =IFERROR(((K27*F24)+(K32*F29)+(K37*F34)+(K42*F39)+(K47*F44)+(K52*F49))/(F24+F29+F34+F39+F44+F49),0) -> 0 | L57: =IFERROR(((L27*G24)+(L32*G29)+(L37*G34)+(L42*G39)+(L47*G44)+(L52*G49))/(G24+G29+G34+G39+G44+G49),0) -> 0.006 | M57: =IFERROR(((I57*D54)+(J57*E54)+(K57*F54)+(L57*G54))/(D54+E54+F54+G54),0) -> 0.0012252305 | N57: =IFERROR(((N27*I24)+(N32*I29)+(N37*I34)+(N42*I39)+(N47*I44)+(N52*I49))/(I24+I29+I34+I39+I44+I49),0) -> 0 | O57: =IFERROR(((O27*J24)+(O32*J29)+(O37*J34)+(O42*J39)+(O47*J44)+(O52*J49))/(J24+J29+J34+J39+J44+J49),0) -> 0.024 | P57: =IFERROR(((P27*K24)+(P32*K29)+(P37*K34)+(P42*K39)+(P47*K44)+(P52*K49))/(K24+K29+K34+K39+K44+K49),0) -> 0.018 | Q57: =IFERROR(((Q27*L24)+(Q32*L29)+(Q37*L34)+(Q42*L39)+(Q47*L44)+(Q52*L49))/(L24+L29+L34+L39+L44+L49),0) -> 0.013 | R57: =IFERROR(((N57*I54)+(O57*J54)+(P57*K54)+(Q57*L54))/(I54+J54+K54+L54),0) -> 0.013558986 | S57: =IFERROR(((S27*N24)+(S32*N29)+(S37*N34)+(S42*N39)+(S47*N44)+(S52*N49))/(N24+N29+N34+N39+N44+N49),0) -> -0.017 | T57: =IFERROR(((T27*O24)+(T32*O29)+(T37*O34)+(T42*O39)+(T47*O44)+(T52*O49))/(O24+O29+O34+O39+O44+O49),0) -> 0 | U57: =IFERROR(((U27*P24)+(U32*P29)+(U37*P34)+(U42*P39)+(U47*P44)+(U52*P49))/(P24+P29+P34+P39+P44+P49),0) -> 0 | V57: =IFERROR(((V27*Q24)+(V32*Q29)+(V37*Q34)+(V42*Q39)+(V47*Q44)+(V52*Q49))/(Q24+Q29+Q34+Q39+Q44+Q49),0) -> 0 | W57: =IFERROR(((S57*N54)+(T57*O54)+(U57*P54)+(V57*Q54))/(N54+O54+P54+Q54),0) -> -0.0041129822 | X57: =IFERROR(((X27*S24)+(X32*S29)+(X37*S34)+(X42*S39)+(X47*S44)+(X52*S49))/(S24+S29+S34+S39+S44+S49),0) -> 0 | Y57: =IFERROR(((Y27*T24)+(Y32*T29)+(Y37*T34)+(Y42*T39)+(Y47*T44)+(Y52*T49))/(T24+T29+T34+T39+T44+T49),0) -> 0 | Z57: =IFERROR(((Z27*U24)+(Z32*U29)+(Z37*U34)+(Z42*U39)+(Z47*U44)+(Z52*U49))/(U24+U29+U34+U39+U44+U49),0) -> 0 | AA57: =IFERROR(((AA27*V24)+(AA32*V29)+(AA37*V34)+(AA42*V39)+(AA47*V44)+(AA52*V49))/(V24+V29+V34+V39+V44+V49),0) -> 0 | AB57: =IFERROR(((X57*S54)+(Y57*T54)+(Z57*U54)+(AA57*V54))/(S54+T54+U54+V54),0) -> 0 | AC57: =IFERROR(((AC27*X24)+(AC32*X29)+(AC37*X34)+(AC42*X39)+(AC47*X44)+(AC52*X49))/(X24+X29+X34+X39+X44+X49),0) -> 0 | AD57: =IFERROR(((AD27*Y24)+(AD32*Y29)+(AD37*Y34)+(AD42*Y39)+(AD47*Y44)+(AD52*Y49))/(Y24+Y29+Y34+Y39+Y44+Y49),0) -> 0 | AE57: =IFERROR(((AE27*Z24)+(AE32*Z29)+(AE37*Z34)+(AE42*Z39)+(AE47*Z44)+(AE52*Z49))/(Z24+Z29+Z34+Z39+Z44+Z49),0) -> 0 | AF57: =IFERROR(((AF27*AA24)+(AF32*AA29)+(AF37*AA34)+(AF42*AA39)+(AF47*AA44)+(AF52*AA49))/(AA24+AA29+AA34+AA39+AA44+AA49),0) -> 0 | AG57: =IFERROR(((AC57*X54)+(AD57*Y54)+(AE57*Z54)+(AF57*AA54))/(X54+Y54+Z54+AA54),0) -> 0
C58: FX | I58: =IFERROR(((I28*D24)+(I33*D29)+(I38*D34)+(I43*D39)+(I48*D44)+(I53*D49))/(D24+D29+D34+D39+D44+D49),0) -> 0.009 | J58: =IFERROR(((J28*E24)+(J33*E29)+(J38*E34)+(J43*E39)+(J48*E44)+(J53*E49))/(E24+E29+E34+E39+E44+E49),0) -> -0.014 | K58: =IFERROR(((K28*F24)+(K33*F29)+(K38*F34)+(K43*F39)+(K48*F44)+(K53*F49))/(F24+F29+F34+F39+F44+F49),0) -> -0.016 | L58: =IFERROR(((L28*G24)+(L33*G29)+(L38*G34)+(L43*G39)+(L48*G44)+(L53*G49))/(G24+G29+G34+G39+G44+G49),0) -> 0.002 | M58: =IFERROR(((I58*D54)+(J58*E54)+(K58*F54)+(L58*G54))/(D54+E54+F54+G54),0) -> -0.0046260793 | N58: =IFERROR(((N28*I24)+(N33*I29)+(N38*I34)+(N43*I39)+(N48*I44)+(N53*I49))/(I24+I29+I34+I39+I44+I49),0) -> 0.002 | O58: =IFERROR(((O28*J24)+(O33*J29)+(O38*J34)+(O43*J39)+(O48*J44)+(O53*J49))/(J24+J29+J34+J39+J44+J49),0) -> -0.016 | P58: =IFERROR(((P28*K24)+(P33*K29)+(P38*K34)+(P43*K39)+(P48*K44)+(P53*K49))/(K24+K29+K34+K39+K44+K49),0) -> 0.023 | Q58: =IFERROR(((Q28*L24)+(Q33*L29)+(Q38*L34)+(Q43*L39)+(Q48*L44)+(Q53*L49))/(L24+L29+L34+L39+L44+L49),0) -> 0.011 | R58: =IFERROR(((N58*I54)+(O58*J54)+(P58*K54)+(Q58*L54))/(I54+J54+K54+L54),0) -> 0.0050926267 | S58: =IFERROR(((S28*N24)+(S33*N29)+(S38*N34)+(S43*N39)+(S48*N44)+(S53*N49))/(N24+N29+N34+N39+N44+N49),0) -> 0.046 | T58: =IFERROR(((T28*O24)+(T33*O29)+(T38*O34)+(T43*O39)+(T48*O44)+(T53*O49))/(O24+O29+O34+O39+O44+O49),0) -> 0.04 | U58: =IFERROR(((U28*P24)+(U33*P29)+(U38*P34)+(U43*P39)+(U48*P44)+(U53*P49))/(P24+P29+P34+P39+P44+P49),0) -> 0 | V58: =IFERROR(((V28*Q24)+(V33*Q29)+(V38*Q34)+(V43*Q39)+(V48*Q44)+(V53*Q49))/(Q24+Q29+Q34+Q39+Q44+Q49),0) -> 0 | W58: =IFERROR(((S58*N54)+(T58*O54)+(U58*P54)+(V58*Q54))/(N54+O54+P54+Q54),0) -> 0.020732009 | X58: =IFERROR(((X28*S24)+(X33*S29)+(X38*S34)+(X43*S39)+(X48*S44)+(X53*S49))/(S24+S29+S34+S39+S44+S49),0) -> 0 | Y58: =IFERROR(((Y28*T24)+(Y33*T29)+(Y38*T34)+(Y43*T39)+(Y48*T44)+(Y53*T49))/(T24+T29+T34+T39+T44+T49),0) -> 0 | Z58: =IFERROR(((Z28*U24)+(Z33*U29)+(Z38*U34)+(Z43*U39)+(Z48*U44)+(Z53*U49))/(U24+U29+U34+U39+U44+U49),0) -> 0 | AA58: =IFERROR(((AA28*V24)+(AA33*V29)+(AA38*V34)+(AA43*V39)+(AA48*V44)+(AA53*V49))/(V24+V29+V34+V39+V44+V49),0) -> 0 | AB58: =IFERROR(((X58*S54)+(Y58*T54)+(Z58*U54)+(AA58*V54))/(S54+T54+U54+V54),0) -> 0 | AC58: =IFERROR(((AC28*X24)+(AC33*X29)+(AC38*X34)+(AC43*X39)+(AC48*X44)+(AC53*X49))/(X24+X29+X34+X39+X44+X49),0) -> 0 | AD58: =IFERROR(((AD28*Y24)+(AD33*Y29)+(AD38*Y34)+(AD43*Y39)+(AD48*Y44)+(AD53*Y49))/(Y24+Y29+Y34+Y39+Y44+Y49),0) -> 0 | AE58: =IFERROR(((AE28*Z24)+(AE33*Z29)+(AE38*Z34)+(AE43*Z39)+(AE48*Z44)+(AE53*Z49))/(Z24+Z29+Z34+Z39+Z44+Z49),0) -> 0 | AF58: =IFERROR(((AF28*AA24)+(AF33*AA29)+(AF38*AA34)+(AF43*AA39)+(AF48*AA44)+(AF53*AA49))/(AA24+AA29+AA34+AA39+AA44+AA49),0) -> 0 | AG58: =IFERROR(((AC58*X54)+(AD58*Y54)+(AE58*Z54)+(AF58*AA54))/(X54+Y54+Z54+AA54),0) -> 0
B60: SEGMENT REVENUE (secondary view)
C62: Life Sciences & Diagnostics Group (LDG) | D62: 719 | E62: 726 | F62: 661 | G62: 674 | H62: =D62+E62+F62+G62 -> 2780 | I62: 620 | J62: 604 | K62: 585 | L62: 657 | M62: =I62+J62+K62+L62 -> 2466 | N62: 647 | O62: 654 | P62: 670 | Q62: 755 | R62: =N62+O62+P62+Q62 -> 2726 | S62: 679 | T62: 732 | U62: =P62*(1+U55) -> 696.8 | V62: =Q62*(1+V55) -> 785.2 | W62: =S62+T62+U62+V62 -> 2893 | X62: =S62*(1+X55) -> 706.16 | Y62: =T62*(1+Y55) -> 761.28 | Z62: =U62*(1+Z55) -> 724.672 | AA62: =V62*(1+AA55) -> 816.608 | AB62: =X62+Y62+Z62+AA62 -> 3008.72 | AC62: =X62*(1+AC55) -> 734.4064 | AD62: =Y62*(1+AD55) -> 791.7312 | AE62: =Z62*(1+AE55) -> 753.65888 | AF62: =AA62*(1+AF55) -> 849.27232 | AG62: =AC62+AD62+AE62+AF62 -> 3129.0688
C63: Reported Y/Y | I63: =IFERROR(I62/D62-1,0) -> -0.13769124 | J63: =IFERROR(J62/E62-1,0) -> -0.16804408 | K63: =IFERROR(K62/F62-1,0) -> -0.11497731 | L63: =IFERROR(L62/G62-1,0) -> -0.025222552 | M63: =IFERROR(M62/H62-1,0) -> -0.11294964 | N63: =IFERROR(N62/I62-1,0) -> 0.043548387 | O63: =IFERROR(O62/J62-1,0) -> 0.082781457 | P63: =IFERROR(P62/K62-1,0) -> 0.14529915 | ... AG63: =IFERROR(AG62/AB62-1,0) -> 0.04
C65: Agilent CrossLab Group (ACG) | D65: 652 | E65: 660 | F65: 672 | G65: 672 | H65: =D65+E65+F65+G65 -> 2656 | I65: 686 | J65: 664 | K65: 691 | L65: 706 | M65: =I65+J65+K65+L65 -> 2747 | N65: 696 | O65: 713 | P65: 744 | Q65: 755 | R65: =N65+O65+P65+Q65 -> 2908 | S65: 758 | T65: 759 | U65: =P65*(1+U55) -> 773.76 | V65: =Q65*(1+V55) -> 785.2 | W65: =S65+T65+U65+V65 -> 3075.96 | X65: =S65*(1+X55) -> 788.32 | Y65: =T65*(1+Y55) -> 789.36 | Z65: =U65*(1+Z55) -> 804.7104 | AA65: =V65*(1+AA55) -> 816.608 | AB65: =X65+Y65+Z65+AA65 -> 3198.9984 | AC65: =X65*(1+AC55) -> 819.8528 | AD65: =Y65*(1+AD55) -> 820.9344 | AE65: =Z65*(1+AE55) -> 836.89882 | AF65: =AA65*(1+AF55) -> 849.27232 | AG65: =AC65+AD65+AE65+AF65 -> 3326.9583
C66: Reported Y/Y | I66: =IFERROR(I65/D65-1,0) -> 0.052147239 | J66: =IFERROR(J65/E65-1,0) -> 0.0060606061 | K66: =IFERROR(K65/F65-1,0) -> 0.02827381 | L66: =IFERROR(L65/G65-1,0) -> 0.050595238 | M66: =IFERROR(M65/H65-1,0) -> 0.034262048 | N66: =IFERROR(N65/I65-1,0) -> 0.014577259 | O66: =IFERROR(O65/J65-1,0) -> 0.073795181 | P66: =IFERROR(P65/K65-1,0) -> 0.076700434 | ... AG66: =IFERROR(AG65/AB65-1,0) -> 0.04
C68: Applied Markets Group (AMG) | D68: 385 | E68: 331 | F68: 339 | G68: 342 | H68: =D68+E68+F68+G68 -> 1397 | I68: 352 | J68: 305 | K68: 302 | L68: 338 | M68: =I68+J68+K68+L68 -> 1297 | N68: 338 | O68: 301 | P68: 324 | Q68: 351 | R68: =N68+O68+P68+Q68 -> 1314 | S68: 361 | T68: 344 | U68: =P68*(1+U55) -> 336.96 | V68: =Q68*(1+V55) -> 365.04 | W68: =S68+T68+U68+V68 -> 1407 | X68: =S68*(1+X55) -> 375.44 | Y68: =T68*(1+Y55) -> 357.76 | Z68: =U68*(1+Z55) -> 350.4384 | AA68: =V68*(1+AA55) -> 379.6416 | AB68: =X68+Y68+Z68+AA68 -> 1463.28 | AC68: =X68*(1+AC55) -> 390.4576 | AD68: =Y68*(1+AD55) -> 372.0704 | AE68: =Z68*(1+AE55) -> 364.45594 | AF68: =AA68*(1+AF55) -> 394.82726 | AG68: =AC68+AD68+AE68+AF68 -> 1521.8112
C69: Reported Y/Y | I69: =IFERROR(I68/D68-1,0) -> -0.085714286 | J69: =IFERROR(J68/E68-1,0) -> -0.078549849 | K69: =IFERROR(K68/F68-1,0) -> -0.10914454 | L69: =IFERROR(L68/G68-1,0) -> -0.011695906 | M69: =IFERROR(M68/H68-1,0) -> -0.071581961 | N69: =IFERROR(N68/I68-1,0) -> -0.039772727 | O69: =IFERROR(O68/J68-1,0) -> -0.013114754 | P69: =IFERROR(P68/K68-1,0) -> 0.072847682 | ... AG69: =IFERROR(AG68/AB68-1,0) -> 0.04
C71: Check: Segment sum vs Total ($M, should be 0) | D71: =(D62+D65+D68)-D54 -> 0 | E71: =(E62+E65+E68)-E54 -> 0 | F71: =(F62+F65+F68)-F54 -> 0 | G71: =(G62+G65+G68)-G54 -> 0 | H71: =(H62+H65+H68)-H54 -> 0 | I71: =(I62+I65+I68)-I54 -> 0 | J71: =(J62+J65+J68)-J54 -> 0 | K71: =(K62+K65+K68)-K54 -> 0 | ... AG71: =(AG62+AG65+AG68)-AG54 -> 0
B73: SEGMENT INCOME BUILD
C75: Life Sciences & Diagnostics Group (LDG)
C76: Segment revenue ($M) | D76: =D62 -> 719 | E76: =E62 -> 726 | F76: =F62 -> 661 | G76: =G62 -> 674 | H76: =H62 -> 2780 | I76: =I62 -> 620 | J76: =J62 -> 604 | K76: =K62 -> 585 | ... AG76: =AG62 -> 3129.0688
C77: Segment adj op margin % | D77: 0.275 | E77: 0.275 | F77: 0.275 | G77: 0.275 | H77: 0.275 | I77: 0.275 | J77: 0.275 | K77: 0.275 | L77: 0.275 | M77: 0.275 | N77: 0.275 | O77: 0.275 | P77: 0.275 | Q77: 0.275 | R77: 0.275 | S77: 0.275 | T77: 0.275 | U77: 0.275 | V77: 0.275 | W77: 0.275 | X77: 0.275 | Y77: 0.275 | Z77: 0.275 | AA77: 0.275 | AB77: 0.275 | AC77: 0.275 | AD77: 0.275 | AE77: 0.275 | AF77: 0.275 | AG77: 0.275
C78: Segment adj op income ($M) | D78: =D77*D76 -> 197.725 | E78: =E77*E76 -> 199.65 | F78: =F77*F76 -> 181.775 | G78: =G77*G76 -> 185.35 | H78: =D78+E78+F78+G78 -> 764.5 | I78: =I77*I76 -> 170.5 | J78: =J77*J76 -> 166.1 | K78: =K77*K76 -> 160.875 | L78: =L77*L76 -> 180.675 | M78: =I78+J78+K78+L78 -> 678.15 | N78: =N77*N76 -> 177.925 | O78: =O77*O76 -> 179.85 | P78: =P77*P76 -> 184.25 | Q78: =Q77*Q76 -> 207.625 | R78: =N78+O78+P78+Q78 -> 749.65 | S78: =S77*S76 -> 186.725 | T78: =T77*T76 -> 201.3 | U78: =U77*U76 -> 191.62 | V78: =V77*V76 -> 215.93 | W78: =S78+T78+U78+V78 -> 795.575 | X78: =X77*X76 -> 194.194 | Y78: =Y77*Y76 -> 209.352 | Z78: =Z77*Z76 -> 199.2848 | AA78: =AA77*AA76 -> 224.5672 | AB78: =X78+Y78+Z78+AA78 -> 827.398 | AC78: =AC77*AC76 -> 201.96176 | AD78: =AD77*AD76 -> 217.72608 | AE78: =AE77*AE76 -> 207.25619 | AF78: =AF77*AF76 -> 233.54989 | AG78: =AC78+AD78+AE78+AF78 -> 860.49392
C79: Margin Y/Y (bps) | I79: =IFERROR((I77-D77)*10000,0) -> 0 | J79: =IFERROR((J77-E77)*10000,0) -> 0 | K79: =IFERROR((K77-F77)*10000,0) -> 0 | L79: =IFERROR((L77-G77)*10000,0) -> 0 | M79: =IFERROR((M77-H77)*10000,0) -> 0 | N79: =IFERROR((N77-I77)*10000,0) -> 0 | O79: =IFERROR((O77-J77)*10000,0) -> 0 | P79: =IFERROR((P77-K77)*10000,0) -> 0 | ... AG79: =IFERROR((AG77-AB77)*10000,0) -> 0
C81: Agilent CrossLab Group (ACG)
C82: Segment revenue ($M) | D82: =D65 -> 652 | E82: =E65 -> 660 | F82: =F65 -> 672 | G82: =G65 -> 672 | H82: =H65 -> 2656 | I82: =I65 -> 686 | J82: =J65 -> 664 | K82: =K65 -> 691 | ... AG82: =AG65 -> 3326.9583
C83: Segment adj op margin % | D83: 0.285 | E83: 0.285 | F83: 0.285 | G83: 0.285 | H83: 0.285 | I83: 0.285 | J83: 0.285 | K83: 0.285 | L83: 0.285 | M83: 0.285 | N83: 0.285 | O83: 0.285 | P83: 0.285 | Q83: 0.285 | R83: 0.285 | S83: 0.285 | T83: 0.285 | U83: 0.285 | V83: 0.285 | W83: 0.285 | X83: 0.285 | Y83: 0.285 | Z83: 0.285 | AA83: 0.285 | AB83: 0.285 | AC83: 0.285 | AD83: 0.285 | AE83: 0.285 | AF83: 0.285 | AG83: 0.285
C84: Segment adj op income ($M) | D84: =D83*D82 -> 185.82 | E84: =E83*E82 -> 188.1 | F84: =F83*F82 -> 191.52 | G84: =G83*G82 -> 191.52 | H84: =D84+E84+F84+G84 -> 756.96 | I84: =I83*I82 -> 195.51 | J84: =J83*J82 -> 189.24 | K84: =K83*K82 -> 196.935 | L84: =L83*L82 -> 201.21 | M84: =I84+J84+K84+L84 -> 782.895 | N84: =N83*N82 -> 198.36 | O84: =O83*O82 -> 203.205 | P84: =P83*P82 -> 212.04 | Q84: =Q83*Q82 -> 215.175 | R84: =N84+O84+P84+Q84 -> 828.78 | S84: =S83*S82 -> 216.03 | T84: =T83*T82 -> 216.315 | U84: =U83*U82 -> 220.5216 | V84: =V83*V82 -> 223.782 | W84: =S84+T84+U84+V84 -> 876.6486 | X84: =X83*X82 -> 224.6712 | Y84: =Y83*Y82 -> 224.9676 | Z84: =Z83*Z82 -> 229.34246 | AA84: =AA83*AA82 -> 232.73328 | AB84: =X84+Y84+Z84+AA84 -> 911.71454 | AC84: =AC83*AC82 -> 233.65805 | AD84: =AD83*AD82 -> 233.9663 | AE84: =AE83*AE82 -> 238.51616 | AF84: =AF83*AF82 -> 242.04261 | AG84: =AC84+AD84+AE84+AF84 -> 948.18313
C85: Margin Y/Y (bps) | I85: =IFERROR((I83-D83)*10000,0) -> 0 | J85: =IFERROR((J83-E83)*10000,0) -> 0 | K85: =IFERROR((K83-F83)*10000,0) -> 0 | L85: =IFERROR((L83-G83)*10000,0) -> 0 | M85: =IFERROR((M83-H83)*10000,0) -> 0 | N85: =IFERROR((N83-I83)*10000,0) -> 0 | O85: =IFERROR((O83-J83)*10000,0) -> 0 | P85: =IFERROR((P83-K83)*10000,0) -> 0 | ... AG85: =IFERROR((AG83-AB83)*10000,0) -> 0
C87: Applied Markets Group (AMG)
C88: Segment revenue ($M) | D88: =D68 -> 385 | E88: =E68 -> 331 | F88: =F68 -> 339 | G88: =G68 -> 342 | H88: =H68 -> 1397 | I88: =I68 -> 352 | J88: =J68 -> 305 | K88: =K68 -> 302 | ... AG88: =AG68 -> 1521.8112
C89: Segment adj op margin % | D89: 0.26 | E89: 0.26 | F89: 0.26 | G89: 0.26 | H89: 0.26 | I89: 0.26 | J89: 0.26 | K89: 0.26 | L89: 0.26 | M89: 0.26 | N89: 0.26 | O89: 0.26 | P89: 0.26 | Q89: 0.26 | R89: 0.26 | S89: 0.26 | T89: 0.26 | U89: 0.26 | V89: 0.26 | W89: 0.26 | X89: 0.26 | Y89: 0.26 | Z89: 0.26 | AA89: 0.26 | AB89: 0.26 | AC89: 0.26 | AD89: 0.26 | AE89: 0.26 | AF89: 0.26 | AG89: 0.26
C90: Segment adj op income ($M) | D90: =D89*D88 -> 100.1 | E90: =E89*E88 -> 86.06 | F90: =F89*F88 -> 88.14 | G90: =G89*G88 -> 88.92 | H90: =D90+E90+F90+G90 -> 363.22 | I90: =I89*I88 -> 91.52 | J90: =J89*J88 -> 79.3 | K90: =K89*K88 -> 78.52 | L90: =L89*L88 -> 87.88 | M90: =I90+J90+K90+L90 -> 337.22 | N90: =N89*N88 -> 87.88 | O90: =O89*O88 -> 78.26 | P90: =P89*P88 -> 84.24 | Q90: =Q89*Q88 -> 91.26 | R90: =N90+O90+P90+Q90 -> 341.64 | S90: =S89*S88 -> 93.86 | T90: =T89*T88 -> 89.44 | U90: =U89*U88 -> 87.6096 | V90: =V89*V88 -> 94.9104 | W90: =S90+T90+U90+V90 -> 365.82 | X90: =X89*X88 -> 97.6144 | Y90: =Y89*Y88 -> 93.0176 | Z90: =Z89*Z88 -> 91.113984 | AA90: =AA89*AA88 -> 98.706816 | AB90: =X90+Y90+Z90+AA90 -> 380.4528 | AC90: =AC89*AC88 -> 101.51898 | AD90: =AD89*AD88 -> 96.738304 | AE90: =AE89*AE88 -> 94.758543 | AF90: =AF89*AF88 -> 102.65509 | AG90: =AC90+AD90+AE90+AF90 -> 395.67091
C91: Margin Y/Y (bps) | I91: =IFERROR((I89-D89)*10000,0) -> 0 | J91: =IFERROR((J89-E89)*10000,0) -> 0 | K91: =IFERROR((K89-F89)*10000,0) -> 0 | L91: =IFERROR((L89-G89)*10000,0) -> 0 | M91: =IFERROR((M89-H89)*10000,0) -> 0 | N91: =IFERROR((N89-I89)*10000,0) -> 0 | O91: =IFERROR((O89-J89)*10000,0) -> 0 | P91: =IFERROR((P89-K89)*10000,0) -> 0 | ... AG91: =IFERROR((AG89-AB89)*10000,0) -> 0
C93: TOTAL ADJ OPERATING INCOME | D93: =D78+D84+D90 -> 483.645 | E93: =E78+E84+E90 -> 473.81 | F93: =F78+F84+F90 -> 461.435 | G93: =G78+G84+G90 -> 465.79 | H93: =H78+H84+H90 -> 1884.68 | I93: =I78+I84+I90 -> 457.53 | J93: =J78+J84+J90 -> 434.64 | K93: =K78+K84+K90 -> 436.33 | ... AG93: =AG78+AG84+AG90 -> 2204.348
C94: Total adj op margin % | D94: =IFERROR(D93/D54,0) -> 0.27542426 | E94: =IFERROR(E93/E54,0) -> 0.27595224 | F94: =IFERROR(F93/F54,0) -> 0.27597787 | G94: =IFERROR(G93/G54,0) -> 0.27594194 | H94: =IFERROR(H93/H54,0) -> 0.27582028 | I94: =IFERROR(I93/I54,0) -> 0.27595296 | J94: =IFERROR(J93/J54,0) -> 0.27631278 | K94: =IFERROR(K93/K54,0) -> 0.27650824 | ... AG94: =IFERROR(AG93/AG54,0) -> 0.27630893
C95: Margin Y/Y (bps) | I95: =IFERROR((I94-D94)*10000,0) -> 5.2869569 | J95: =IFERROR((J94-E94)*10000,0) -> 3.6053585 | K95: =IFERROR((K94-F94)*10000,0) -> 5.3036746 | L95: =IFERROR((L94-G94)*10000,0) -> 2.2795693 | M95: =IFERROR((M94-H94)*10000,0) -> 4.1089888 | N95: =IFERROR((N94-I94)*10000,0) -> 1.7137539 | O95: =IFERROR((O94-J94)*10000,0) -> 2.5496767 | P95: =IFERROR((P94-K94)*10000,0) -> -0.23773374 | ... AG95: =IFERROR((AG94-AB94)*10000,0) -> 0

Sheet Upside
B2: Agilent Model vs Guidance
B4: Metric | C4: FY26 Guide | D4: FY26 Model | E4: FY26 Δ | F4: FY27 Model | G4: FY28 Model
B5: Revenue ($M) | C5: 7360 | D5: =Model!W54 -> 7375.96 | E5: =IFERROR((D5-C5)/C5,0) -> 0.0021684783 | F5: =Model!AB54 -> 7670.9984 | G5: =Model!AG54 -> 7977.8383
B6: Organic growth % | C6: 0.04 | D6: =Model!W56 -> 0.044975676 | E6: =D6-C6 -> 0.0049756765 | F6: =Model!AB56 -> 0.04 | G6: =Model!AG56 -> 0.04
B7: Adj op income ($M) | C7: 1950 | D7: =Model!W93 -> 2038.0436 | E7: =IFERROR((D7-C7)/C7,0) -> 0.045150564 | F7: =Model!AB93 -> 2119.5653 | G7: =Model!AG93 -> 2204.348
B8: Adj op margin % | C8: =C7/C5 -> 0.26494565 | D8: =D7/D5 -> 0.27630893 | E8: =D8-C8 -> 0.011363276 | F8: =F7/F5 -> 0.27630893 | G8: =G7/G5 -> 0.27630893
B10: How to use
B11: 1. Update column C (BLUE) with the latest guidance.
B12: 2. Adjust forward end-market organic / FX / M&A on the Model tab (RED cells).
B13: 3. Adjust segment margin assumptions on the Model tab to test op-leverage scenarios.
B14: 4. Watch columns D and E to size upside / downside vs. guidance.
