Workbook

Sheet Cover
A1: Pharma Monthly Tracker
A4: Date Range: Jan 01, 1985 to Mar 31, 2026 | Generated: April 12, 2026
B7: Module Status
B8: Module | C8: Details | D8: Status
B9: Clinical Trials | C9: Not selected | D9: SKIPPED
B10: FDA Novel Approvals | C10: 1574 novel approvals | D10: OK
B11: FDA Biosimilars | C11: Not selected | D11: SKIPPED
B12: NIH Outlays | C12: Not selected | D12: SKIPPED
B15: Report Contents
B16: Charts
C17: FDA Charts
B18: Summary
C19: FDA Approval Summary
B20: Database
C21: Novel Approval Database
C22: Biosimilar Approval Database

Sheet ── Charts ──
A1: Charts

Sheet FDA Charts

Sheet ── Summary ──
A1: Summary

Sheet FDA Approval Summary
A1: Data pulled: 04/12/2026
A3: A) Annual Novel Approval Summary (CDER)
A4: Year | B4: Chemical (NDA) | C4: Biologics (BLA) | D4: Total
A5: 1985 | B5: =COUNTIFS('Novel Approval Database'!$G$3:$G$1576,1985,'Novel Approval Database'!$C$3:$C$1576,"NDA",'Novel Approval Database'!$A$3:$A$1576,"CDER") -> 31 | C5: =COUNTIFS('Novel Approval Database'!$G$3:$G$1576,1985,'Novel Approval Database'!$C$3:$C$1576,"BLA",'Novel Approval Database'!$A$3:$A$1576,"CDER") -> 0 | D5: =B5+C5 -> 31
A6: 1986 | B6: =COUNTIFS('Novel Approval Database'!$G$3:$G$1576,1986,'Novel Approval Database'!$C$3:$C$1576,"NDA",'Novel Approval Database'!$A$3:$A$1576,"CDER") -> 20 | C6: =COUNTIFS('Novel Approval Database'!$G$3:$G$1576,1986,'Novel Approval Database'!$C$3:$C$1576,"BLA",'Novel Approval Database'!$A$3:$A$1576,"CDER") -> 3 | D6: =B6+C6 -> 23
A7: 1987 | B7: =COUNTIFS('Novel Approval Database'!$G$3:$G$1576,1987,'Novel Approval Database'!$C$3:$C$1576,"NDA",'Novel Approval Database'!$A$3:$A$1576,"CDER") -> 21 | C7: =COUNTIFS('Novel Approval Database'!$G$3:$G$1576,1987,'Novel Approval Database'!$C$3:$C$1576,"BLA",'Novel Approval Database'!$A$3:$A$1576,"CDER") -> 1 | D7: =B7+C7 -> 22
A8: 1988 | B8: =COUNTIFS('Novel Approval Database'!$G$3:$G$1576,1988,'Novel Approval Database'!$C$3:$C$1576,"NDA",'Novel Approval Database'!$A$3:$A$1576,"CDER") -> 20 | C8: =COUNTIFS('Novel Approval Database'!$G$3:$G$1576,1988,'Novel Approval Database'!$C$3:$C$1576,"BLA",'Novel Approval Database'!$A$3:$A$1576,"CDER") -> 0 | D8: =B8+C8 -> 20
A9: 1989 | B9: =COUNTIFS('Novel Approval Database'!$G$3:$G$1576,1989,'Novel Approval Database'!$C$3:$C$1576,"NDA",'Novel Approval Database'!$A$3:$A$1576,"CDER") -> 23 | C9: =COUNTIFS('Novel Approval Database'!$G$3:$G$1576,1989,'Novel Approval Database'!$C$3:$C$1576,"BLA",'Novel Approval Database'!$A$3:$A$1576,"CDER") -> 4 | D9: =B9+C9 -> 27
A10: 1990 | B10: =COUNTIFS('Novel Approval Database'!$G$3:$G$1576,1990,'Novel Approval Database'!$C$3:$C$1576,"NDA",'Novel Approval Database'!$A$3:$A$1576,"CDER") -> 22 | C10: =COUNTIFS('Novel Approval Database'!$G$3:$G$1576,1990,'Novel Approval Database'!$C$3:$C$1576,"BLA",'Novel Approval Database'!$A$3:$A$1576,"CDER") -> 2 | D10: =B10+C10 -> 24
A11: 1991 | B11: =COUNTIFS('Novel Approval Database'!$G$3:$G$1576,1991,'Novel Approval Database'!$C$3:$C$1576,"NDA",'Novel Approval Database'!$A$3:$A$1576,"CDER") -> 29 | C11: =COUNTIFS('Novel Approval Database'!$G$3:$G$1576,1991,'Novel Approval Database'!$C$3:$C$1576,"BLA",'Novel Approval Database'!$A$3:$A$1576,"CDER") -> 3 | D11: =B11+C11 -> 32
A12: 1992 | B12: =COUNTIFS('Novel Approval Database'!$G$3:$G$1576,1992,'Novel Approval Database'!$C$3:$C$1576,"NDA",'Novel Approval Database'!$A$3:$A$1576,"CDER") -> 27 | C12: =COUNTIFS('Novel Approval Database'!$G$3:$G$1576,1992,'Novel Approval Database'!$C$3:$C$1576,"BLA",'Novel Approval Database'!$A$3:$A$1576,"CDER") -> 2 | D12: =B12+C12 -> 29
A13: 1993 | B13: =COUNTIFS('Novel Approval Database'!$G$3:$G$1576,1993,'Novel Approval Database'!$C$3:$C$1576,"NDA",'Novel Approval Database'!$A$3:$A$1576,"CDER") -> 24 | C13: =COUNTIFS('Novel Approval Database'!$G$3:$G$1576,1993,'Novel Approval Database'!$C$3:$C$1576,"BLA",'Novel Approval Database'!$A$3:$A$1576,"CDER") -> 3 | D13: =B13+C13 -> 27
A14: 1994 | B14: =COUNTIFS('Novel Approval Database'!$G$3:$G$1576,1994,'Novel Approval Database'!$C$3:$C$1576,"NDA",'Novel Approval Database'!$A$3:$A$1576,"CDER") -> 20 | C14: =COUNTIFS('Novel Approval Database'!$G$3:$G$1576,1994,'Novel Approval Database'!$C$3:$C$1576,"BLA",'Novel Approval Database'!$A$3:$A$1576,"CDER") -> 3 | D14: =B14+C14 -> 23
A15: 1995 | B15: =COUNTIFS('Novel Approval Database'!$G$3:$G$1576,1995,'Novel Approval Database'!$C$3:$C$1576,"NDA",'Novel Approval Database'!$A$3:$A$1576,"CDER") -> 29 | C15: =COUNTIFS('Novel Approval Database'!$G$3:$G$1576,1995,'Novel Approval Database'!$C$3:$C$1576,"BLA",'Novel Approval Database'!$A$3:$A$1576,"CDER") -> 1 | D15: =B15+C15 -> 30
A16: 1996 | B16: =COUNTIFS('Novel Approval Database'!$G$3:$G$1576,1996,'Novel Approval Database'!$C$3:$C$1576,"NDA",'Novel Approval Database'!$A$3:$A$1576,"CDER") -> 51 | C16: =COUNTIFS('Novel Approval Database'!$G$3:$G$1576,1996,'Novel Approval Database'!$C$3:$C$1576,"BLA",'Novel Approval Database'!$A$3:$A$1576,"CDER") -> 8 | D16: =B16+C16 -> 59
A17: 1997 | B17: =COUNTIFS('Novel Approval Database'!$G$3:$G$1576,1997,'Novel Approval Database'!$C$3:$C$1576,"NDA",'Novel Approval Database'!$A$3:$A$1576,"CDER") -> 37 | C17: =COUNTIFS('Novel Approval Database'!$G$3:$G$1576,1997,'Novel Approval Database'!$C$3:$C$1576,"BLA",'Novel Approval Database'!$A$3:$A$1576,"CDER") -> 5 | D17: =B17+C17 -> 42
A18: 1998 | B18: =COUNTIFS('Novel Approval Database'!$G$3:$G$1576,1998,'Novel Approval Database'!$C$3:$C$1576,"NDA",'Novel Approval Database'!$A$3:$A$1576,"CDER") -> 28 | C18: =COUNTIFS('Novel Approval Database'!$G$3:$G$1576,1998,'Novel Approval Database'!$C$3:$C$1576,"BLA",'Novel Approval Database'!$A$3:$A$1576,"CDER") -> 8 | D18: =B18+C18 -> 36
A19: 1999 | B19: =COUNTIFS('Novel Approval Database'!$G$3:$G$1576,1999,'Novel Approval Database'!$C$3:$C$1576,"NDA",'Novel Approval Database'!$A$3:$A$1576,"CDER") -> 34 | C19: =COUNTIFS('Novel Approval Database'!$G$3:$G$1576,1999,'Novel Approval Database'!$C$3:$C$1576,"BLA",'Novel Approval Database'!$A$3:$A$1576,"CDER") -> 3 | D19: =B19+C19 -> 37
A20: 2000 | B20: =COUNTIFS('Novel Approval Database'!$G$3:$G$1576,2000,'Novel Approval Database'!$C$3:$C$1576,"NDA",'Novel Approval Database'!$A$3:$A$1576,"CDER") -> 25 | C20: =COUNTIFS('Novel Approval Database'!$G$3:$G$1576,2000,'Novel Approval Database'!$C$3:$C$1576,"BLA",'Novel Approval Database'!$A$3:$A$1576,"CDER") -> 4 | D20: =B20+C20 -> 29
A21: 2001 | B21: =COUNTIFS('Novel Approval Database'!$G$3:$G$1576,2001,'Novel Approval Database'!$C$3:$C$1576,"NDA",'Novel Approval Database'!$A$3:$A$1576,"CDER") -> 24 | C21: =COUNTIFS('Novel Approval Database'!$G$3:$G$1576,2001,'Novel Approval Database'!$C$3:$C$1576,"BLA",'Novel Approval Database'!$A$3:$A$1576,"CDER") -> 5 | D21: =B21+C21 -> 29
A22: 2002 | B22: =COUNTIFS('Novel Approval Database'!$G$3:$G$1576,2002,'Novel Approval Database'!$C$3:$C$1576,"NDA",'Novel Approval Database'!$A$3:$A$1576,"CDER") -> 17 | C22: =COUNTIFS('Novel Approval Database'!$G$3:$G$1576,2002,'Novel Approval Database'!$C$3:$C$1576,"BLA",'Novel Approval Database'!$A$3:$A$1576,"CDER") -> 6 | D22: =B22+C22 -> 23
A23: 2003 | B23: =COUNTIFS('Novel Approval Database'!$G$3:$G$1576,2003,'Novel Approval Database'!$C$3:$C$1576,"NDA",'Novel Approval Database'!$A$3:$A$1576,"CDER") -> 20 | C23: =COUNTIFS('Novel Approval Database'!$G$3:$G$1576,2003,'Novel Approval Database'!$C$3:$C$1576,"BLA",'Novel Approval Database'!$A$3:$A$1576,"CDER") -> 7 | D23: =B23+C23 -> 27
A24: 2004 | B24: =COUNTIFS('Novel Approval Database'!$G$3:$G$1576,2004,'Novel Approval Database'!$C$3:$C$1576,"NDA",'Novel Approval Database'!$A$3:$A$1576,"CDER") -> 27 | C24: =COUNTIFS('Novel Approval Database'!$G$3:$G$1576,2004,'Novel Approval Database'!$C$3:$C$1576,"BLA",'Novel Approval Database'!$A$3:$A$1576,"CDER") -> 8 | D24: =B24+C24 -> 35
A25: 2005 | B25: =COUNTIFS('Novel Approval Database'!$G$3:$G$1576,2005,'Novel Approval Database'!$C$3:$C$1576,"NDA",'Novel Approval Database'!$A$3:$A$1576,"CDER") -> 13 | C25: =COUNTIFS('Novel Approval Database'!$G$3:$G$1576,2005,'Novel Approval Database'!$C$3:$C$1576,"BLA",'Novel Approval Database'!$A$3:$A$1576,"CDER") -> 7 | D25: =B25+C25 -> 20
A26: 2006 | B26: =COUNTIFS('Novel Approval Database'!$G$3:$G$1576,2006,'Novel Approval Database'!$C$3:$C$1576,"NDA",'Novel Approval Database'!$A$3:$A$1576,"CDER") -> 18 | C26: =COUNTIFS('Novel Approval Database'!$G$3:$G$1576,2006,'Novel Approval Database'!$C$3:$C$1576,"BLA",'Novel Approval Database'!$A$3:$A$1576,"CDER") -> 4 | D26: =B26+C26 -> 22
A27: 2007 | B27: =COUNTIFS('Novel Approval Database'!$G$3:$G$1576,2007,'Novel Approval Database'!$C$3:$C$1576,"NDA",'Novel Approval Database'!$A$3:$A$1576,"CDER") -> 16 | C27: =COUNTIFS('Novel Approval Database'!$G$3:$G$1576,2007,'Novel Approval Database'!$C$3:$C$1576,"BLA",'Novel Approval Database'!$A$3:$A$1576,"CDER") -> 2 | D27: =B27+C27 -> 18
A28: 2008 | B28: =COUNTIFS('Novel Approval Database'!$G$3:$G$1576,2008,'Novel Approval Database'!$C$3:$C$1576,"NDA",'Novel Approval Database'!$A$3:$A$1576,"CDER") -> 22 | C28: =COUNTIFS('Novel Approval Database'!$G$3:$G$1576,2008,'Novel Approval Database'!$C$3:$C$1576,"BLA",'Novel Approval Database'!$A$3:$A$1576,"CDER") -> 3 | D28: =B28+C28 -> 25
A29: 2009 | B29: =COUNTIFS('Novel Approval Database'!$G$3:$G$1576,2009,'Novel Approval Database'!$C$3:$C$1576,"NDA",'Novel Approval Database'!$A$3:$A$1576,"CDER") -> 20 | C29: =COUNTIFS('Novel Approval Database'!$G$3:$G$1576,2009,'Novel Approval Database'!$C$3:$C$1576,"BLA",'Novel Approval Database'!$A$3:$A$1576,"CDER") -> 6 | D29: =B29+C29 -> 26
A30: 2010 | B30: =COUNTIFS('Novel Approval Database'!$G$3:$G$1576,2010,'Novel Approval Database'!$C$3:$C$1576,"NDA",'Novel Approval Database'!$A$3:$A$1576,"CDER") -> 13 | C30: =COUNTIFS('Novel Approval Database'!$G$3:$G$1576,2010,'Novel Approval Database'!$C$3:$C$1576,"BLA",'Novel Approval Database'!$A$3:$A$1576,"CDER") -> 8 | D30: =B30+C30 -> 21
A31: 2011 | B31: =COUNTIFS('Novel Approval Database'!$G$3:$G$1576,2011,'Novel Approval Database'!$C$3:$C$1576,"NDA",'Novel Approval Database'!$A$3:$A$1576,"CDER") -> 24 | C31: =COUNTIFS('Novel Approval Database'!$G$3:$G$1576,2011,'Novel Approval Database'!$C$3:$C$1576,"BLA",'Novel Approval Database'!$A$3:$A$1576,"CDER") -> 6 | D31: =B31+C31 -> 30
A32: 2012 | B32: =COUNTIFS('Novel Approval Database'!$G$3:$G$1576,2012,'Novel Approval Database'!$C$3:$C$1576,"NDA",'Novel Approval Database'!$A$3:$A$1576,"CDER") -> 32 | C32: =COUNTIFS('Novel Approval Database'!$G$3:$G$1576,2012,'Novel Approval Database'!$C$3:$C$1576,"BLA",'Novel Approval Database'!$A$3:$A$1576,"CDER") -> 7 | D32: =B32+C32 -> 39
A33: 2013 | B33: =COUNTIFS('Novel Approval Database'!$G$3:$G$1576,2013,'Novel Approval Database'!$C$3:$C$1576,"NDA",'Novel Approval Database'!$A$3:$A$1576,"CDER") -> 25 | C33: =COUNTIFS('Novel Approval Database'!$G$3:$G$1576,2013,'Novel Approval Database'!$C$3:$C$1576,"BLA",'Novel Approval Database'!$A$3:$A$1576,"CDER") -> 2 | D33: =B33+C33 -> 27
A34: 2014 | B34: =COUNTIFS('Novel Approval Database'!$G$3:$G$1576,2014,'Novel Approval Database'!$C$3:$C$1576,"NDA",'Novel Approval Database'!$A$3:$A$1576,"CDER") -> 30 | C34: =COUNTIFS('Novel Approval Database'!$G$3:$G$1576,2014,'Novel Approval Database'!$C$3:$C$1576,"BLA",'Novel Approval Database'!$A$3:$A$1576,"CDER") -> 11 | D34: =B34+C34 -> 41
A35: 2015 | B35: =COUNTIFS('Novel Approval Database'!$G$3:$G$1576,2015,'Novel Approval Database'!$C$3:$C$1576,"NDA",'Novel Approval Database'!$A$3:$A$1576,"CDER") -> 32 | C35: =COUNTIFS('Novel Approval Database'!$G$3:$G$1576,2015,'Novel Approval Database'!$C$3:$C$1576,"BLA",'Novel Approval Database'!$A$3:$A$1576,"CDER") -> 13 | D35: =B35+C35 -> 45
A36: 2016 | B36: =COUNTIFS('Novel Approval Database'!$G$3:$G$1576,2016,'Novel Approval Database'!$C$3:$C$1576,"NDA",'Novel Approval Database'!$A$3:$A$1576,"CDER") -> 14 | C36: =COUNTIFS('Novel Approval Database'!$G$3:$G$1576,2016,'Novel Approval Database'!$C$3:$C$1576,"BLA",'Novel Approval Database'!$A$3:$A$1576,"CDER") -> 8 | D36: =B36+C36 -> 22
A37: 2017 | B37: =COUNTIFS('Novel Approval Database'!$G$3:$G$1576,2017,'Novel Approval Database'!$C$3:$C$1576,"NDA",'Novel Approval Database'!$A$3:$A$1576,"CDER") -> 34 | C37: =COUNTIFS('Novel Approval Database'!$G$3:$G$1576,2017,'Novel Approval Database'!$C$3:$C$1576,"BLA",'Novel Approval Database'!$A$3:$A$1576,"CDER") -> 12 | D37: =B37+C37 -> 46
A38: 2018 | B38: =COUNTIFS('Novel Approval Database'!$G$3:$G$1576,2018,'Novel Approval Database'!$C$3:$C$1576,"NDA",'Novel Approval Database'!$A$3:$A$1576,"CDER") -> 42 | C38: =COUNTIFS('Novel Approval Database'!$G$3:$G$1576,2018,'Novel Approval Database'!$C$3:$C$1576,"BLA",'Novel Approval Database'!$A$3:$A$1576,"CDER") -> 17 | D38: =B38+C38 -> 59
A39: 2019 | B39: =COUNTIFS('Novel Approval Database'!$G$3:$G$1576,2019,'Novel Approval Database'!$C$3:$C$1576,"NDA",'Novel Approval Database'!$A$3:$A$1576,"CDER") -> 38 | C39: =COUNTIFS('Novel Approval Database'!$G$3:$G$1576,2019,'Novel Approval Database'!$C$3:$C$1576,"BLA",'Novel Approval Database'!$A$3:$A$1576,"CDER") -> 10 | D39: =B39+C39 -> 48
A40: 2020 | B40: =COUNTIFS('Novel Approval Database'!$G$3:$G$1576,2020,'Novel Approval Database'!$C$3:$C$1576,"NDA",'Novel Approval Database'!$A$3:$A$1576,"CDER") -> 40 | C40: =COUNTIFS('Novel Approval Database'!$G$3:$G$1576,2020,'Novel Approval Database'!$C$3:$C$1576,"BLA",'Novel Approval Database'!$A$3:$A$1576,"CDER") -> 13 | D40: =B40+C40 -> 53
A41: 2021 | B41: =COUNTIFS('Novel Approval Database'!$G$3:$G$1576,2021,'Novel Approval Database'!$C$3:$C$1576,"NDA",'Novel Approval Database'!$A$3:$A$1576,"CDER") -> 36 | C41: =COUNTIFS('Novel Approval Database'!$G$3:$G$1576,2021,'Novel Approval Database'!$C$3:$C$1576,"BLA",'Novel Approval Database'!$A$3:$A$1576,"CDER") -> 14 | D41: =B41+C41 -> 50
A42: 2022 | B42: =COUNTIFS('Novel Approval Database'!$G$3:$G$1576,2022,'Novel Approval Database'!$C$3:$C$1576,"NDA",'Novel Approval Database'!$A$3:$A$1576,"CDER") -> 22 | C42: =COUNTIFS('Novel Approval Database'!$G$3:$G$1576,2022,'Novel Approval Database'!$C$3:$C$1576,"BLA",'Novel Approval Database'!$A$3:$A$1576,"CDER") -> 15 | D42: =B42+C42 -> 37
A43: 2023 | B43: =COUNTIFS('Novel Approval Database'!$G$3:$G$1576,2023,'Novel Approval Database'!$C$3:$C$1576,"NDA",'Novel Approval Database'!$A$3:$A$1576,"CDER") -> 38 | C43: =COUNTIFS('Novel Approval Database'!$G$3:$G$1576,2023,'Novel Approval Database'!$C$3:$C$1576,"BLA",'Novel Approval Database'!$A$3:$A$1576,"CDER") -> 17 | D43: =B43+C43 -> 55
A44: 2024 | B44: =COUNTIFS('Novel Approval Database'!$G$3:$G$1576,2024,'Novel Approval Database'!$C$3:$C$1576,"NDA",'Novel Approval Database'!$A$3:$A$1576,"CDER") -> 34 | C44: =COUNTIFS('Novel Approval Database'!$G$3:$G$1576,2024,'Novel Approval Database'!$C$3:$C$1576,"BLA",'Novel Approval Database'!$A$3:$A$1576,"CDER") -> 16 | D44: =B44+C44 -> 50
A45: 2025 | B45: =COUNTIFS('Novel Approval Database'!$G$3:$G$1576,2025,'Novel Approval Database'!$C$3:$C$1576,"NDA",'Novel Approval Database'!$A$3:$A$1576,"CDER") -> 34 | C45: =COUNTIFS('Novel Approval Database'!$G$3:$G$1576,2025,'Novel Approval Database'!$C$3:$C$1576,"BLA",'Novel Approval Database'!$A$3:$A$1576,"CDER") -> 12 | D45: =B45+C45 -> 46
A46: 2026 | B46: =COUNTIFS('Novel Approval Database'!$G$3:$G$1576,2026,'Novel Approval Database'!$C$3:$C$1576,"NDA",'Novel Approval Database'!$A$3:$A$1576,"CDER") -> 7 | C46: =COUNTIFS('Novel Approval Database'!$G$3:$G$1576,2026,'Novel Approval Database'!$C$3:$C$1576,"BLA",'Novel Approval Database'!$A$3:$A$1576,"CDER") -> 3 | D46: =B46+C46 -> 10
A47: 2026 Annualized | B47: =ROUND(B46*12/MONTH(EOMONTH(TODAY(),-1)),0) -> 28 | C47: =ROUND(C46*12/MONTH(EOMONTH(TODAY(),-1)),0) -> 12 | D47: =B47+C47 -> 40
A48: *CBER data current as of: N/A
A50: B) Annual Biosimilar Approval Summary
A51: Year | B51: Approvals
A52: 1985 | B52: =SUMIFS('Biosimilar Approval Database'!$G$2:$G$3,'Biosimilar Approval Database'!$B$2:$B$3,1985) -> 0
A53: 1986 | B53: =SUMIFS('Biosimilar Approval Database'!$G$2:$G$3,'Biosimilar Approval Database'!$B$2:$B$3,1986) -> 0
A54: 1987 | B54: =SUMIFS('Biosimilar Approval Database'!$G$2:$G$3,'Biosimilar Approval Database'!$B$2:$B$3,1987) -> 0
A55: 1988 | B55: =SUMIFS('Biosimilar Approval Database'!$G$2:$G$3,'Biosimilar Approval Database'!$B$2:$B$3,1988) -> 0
A56: 1989 | B56: =SUMIFS('Biosimilar Approval Database'!$G$2:$G$3,'Biosimilar Approval Database'!$B$2:$B$3,1989) -> 0
A57: 1990 | B57: =SUMIFS('Biosimilar Approval Database'!$G$2:$G$3,'Biosimilar Approval Database'!$B$2:$B$3,1990) -> 0
A58: 1991 | B58: =SUMIFS('Biosimilar Approval Database'!$G$2:$G$3,'Biosimilar Approval Database'!$B$2:$B$3,1991) -> 0
A59: 1992 | B59: =SUMIFS('Biosimilar Approval Database'!$G$2:$G$3,'Biosimilar Approval Database'!$B$2:$B$3,1992) -> 0
A60: 1993 | B60: =SUMIFS('Biosimilar Approval Database'!$G$2:$G$3,'Biosimilar Approval Database'!$B$2:$B$3,1993) -> 0
A61: 1994 | B61: =SUMIFS('Biosimilar Approval Database'!$G$2:$G$3,'Biosimilar Approval Database'!$B$2:$B$3,1994) -> 0
A62: 1995 | B62: =SUMIFS('Biosimilar Approval Database'!$G$2:$G$3,'Biosimilar Approval Database'!$B$2:$B$3,1995) -> 0
A63: 1996 | B63: =SUMIFS('Biosimilar Approval Database'!$G$2:$G$3,'Biosimilar Approval Database'!$B$2:$B$3,1996) -> 0
A64: 1997 | B64: =SUMIFS('Biosimilar Approval Database'!$G$2:$G$3,'Biosimilar Approval Database'!$B$2:$B$3,1997) -> 0
A65: 1998 | B65: =SUMIFS('Biosimilar Approval Database'!$G$2:$G$3,'Biosimilar Approval Database'!$B$2:$B$3,1998) -> 0
A66: 1999 | B66: =SUMIFS('Biosimilar Approval Database'!$G$2:$G$3,'Biosimilar Approval Database'!$B$2:$B$3,1999) -> 0
A67: 2000 | B67: =SUMIFS('Biosimilar Approval Database'!$G$2:$G$3,'Biosimilar Approval Database'!$B$2:$B$3,2000) -> 0
A68: 2001 | B68: =SUMIFS('Biosimilar Approval Database'!$G$2:$G$3,'Biosimilar Approval Database'!$B$2:$B$3,2001) -> 0
A69: 2002 | B69: =SUMIFS('Biosimilar Approval Database'!$G$2:$G$3,'Biosimilar Approval Database'!$B$2:$B$3,2002) -> 0
A70: 2003 | B70: =SUMIFS('Biosimilar Approval Database'!$G$2:$G$3,'Biosimilar Approval Database'!$B$2:$B$3,2003) -> 0
A71: 2004 | B71: =SUMIFS('Biosimilar Approval Database'!$G$2:$G$3,'Biosimilar Approval Database'!$B$2:$B$3,2004) -> 0
A72: 2005 | B72: =SUMIFS('Biosimilar Approval Database'!$G$2:$G$3,'Biosimilar Approval Database'!$B$2:$B$3,2005) -> 0
A73: 2006 | B73: =SUMIFS('Biosimilar Approval Database'!$G$2:$G$3,'Biosimilar Approval Database'!$B$2:$B$3,2006) -> 0
A74: 2007 | B74: =SUMIFS('Biosimilar Approval Database'!$G$2:$G$3,'Biosimilar Approval Database'!$B$2:$B$3,2007) -> 0
A75: 2008 | B75: =SUMIFS('Biosimilar Approval Database'!$G$2:$G$3,'Biosimilar Approval Database'!$B$2:$B$3,2008) -> 0
A76: 2009 | B76: =SUMIFS('Biosimilar Approval Database'!$G$2:$G$3,'Biosimilar Approval Database'!$B$2:$B$3,2009) -> 0
A77: 2010 | B77: =SUMIFS('Biosimilar Approval Database'!$G$2:$G$3,'Biosimilar Approval Database'!$B$2:$B$3,2010) -> 0
A78: 2011 | B78: =SUMIFS('Biosimilar Approval Database'!$G$2:$G$3,'Biosimilar Approval Database'!$B$2:$B$3,2011) -> 0
A79: 2012 | B79: =SUMIFS('Biosimilar Approval Database'!$G$2:$G$3,'Biosimilar Approval Database'!$B$2:$B$3,2012) -> 0
A80: 2013 | B80: =SUMIFS('Biosimilar Approval Database'!$G$2:$G$3,'Biosimilar Approval Database'!$B$2:$B$3,2013) -> 0
A81: 2014 | B81: =SUMIFS('Biosimilar Approval Database'!$G$2:$G$3,'Biosimilar Approval Database'!$B$2:$B$3,2014) -> 0
A82: 2015 | B82: =SUMIFS('Biosimilar Approval Database'!$G$2:$G$3,'Biosimilar Approval Database'!$B$2:$B$3,2015) -> 0
A83: 2016 | B83: =SUMIFS('Biosimilar Approval Database'!$G$2:$G$3,'Biosimilar Approval Database'!$B$2:$B$3,2016) -> 0
A84: 2017 | B84: =SUMIFS('Biosimilar Approval Database'!$G$2:$G$3,'Biosimilar Approval Database'!$B$2:$B$3,2017) -> 0
A85: 2018 | B85: =SUMIFS('Biosimilar Approval Database'!$G$2:$G$3,'Biosimilar Approval Database'!$B$2:$B$3,2018) -> 0
A86: 2019 | B86: =SUMIFS('Biosimilar Approval Database'!$G$2:$G$3,'Biosimilar Approval Database'!$B$2:$B$3,2019) -> 0
A87: 2020 | B87: =SUMIFS('Biosimilar Approval Database'!$G$2:$G$3,'Biosimilar Approval Database'!$B$2:$B$3,2020) -> 0
A88: 2021 | B88: =SUMIFS('Biosimilar Approval Database'!$G$2:$G$3,'Biosimilar Approval Database'!$B$2:$B$3,2021) -> 0
A89: 2022 | B89: =SUMIFS('Biosimilar Approval Database'!$G$2:$G$3,'Biosimilar Approval Database'!$B$2:$B$3,2022) -> 0
A90: 2023 | B90: =SUMIFS('Biosimilar Approval Database'!$G$2:$G$3,'Biosimilar Approval Database'!$B$2:$B$3,2023) -> 0
A91: 2024 | B91: =SUMIFS('Biosimilar Approval Database'!$G$2:$G$3,'Biosimilar Approval Database'!$B$2:$B$3,2024) -> 0
A92: 2025 | B92: =SUMIFS('Biosimilar Approval Database'!$G$2:$G$3,'Biosimilar Approval Database'!$B$2:$B$3,2025) -> 0
A93: 2026 | B93: =SUMIFS('Biosimilar Approval Database'!$G$2:$G$3,'Biosimilar Approval Database'!$B$2:$B$3,2026) -> 0
A94: 2026 Annualized | B94: =ROUND(B93*12/MONTH(EOMONTH(TODAY(),-1)),0) -> 0
A96: C) Overall Novel Approval Summary
A97: Metric | B97: Value
A98: T12M (Apr 2025 – Mar 2026) | B98: 66
A99: T12M Prior (Apr 2024 – Mar 2025) | B99: 60
A100: T12M vs T12M Prior % | B100: 0.1
A101: 2025 vs 2024 % | B101: -0.014705882
A103: D) Overall Biosimilar Approval Summary
A104: Metric | B104: Value

Sheet ── Database ──
A1: Database

Sheet Novel Approval Database
A1: Data pulled: 04/12/2026 | CDER current as of: N/A | CBER current as of: N/A
A2: FDA Center | B2: Approval Date | C2: Approval Type | D2: Drug Name | E2: Active Ingredient | F2: Month | G2: Year | H2: Month & Year | I2: FDA-Approved Use | J2: Source
A3: CDER | B3: 46107 | C3: BLA | D3: Awiqli | E3: insulin icodec-abae | F3: 3 | G3: 2026 | H3: Mar 2026 | I3: To improve glycemic control in adults with type 2 diabetes mellitus | J3: https://www.fda.gov/drugs/novel-drug-approvals-fda/novel-drug-approvals-2026
A4: CDER | B4: 46106 | C4: NDA | D4: Lifyorli | E4: relacorilant | F4: 3 | G4: 2026 | H4: Mar 2026 | I4: To treat platinum-resistant epithelial ovarian, fallopian tube, or primary peritoneal cancer after one to three prior systemic treatment regimens, at least one of which included bevacizumab | J4: https://www.fda.gov/drugs/novel-drug-approvals-fda/novel-drug-approvals-2026
A5: CDER | B5: 46105 | C5: BLA | D5: Avlayah | E5: tividenofusp alfa-eknm | F5: 3 | G5: 2026 | H5: Mar 2026 | I5: To treat certain individuals with Hunter syndrome (Mucopolysaccharidosis type II or MPS II) | J5: https://www.fda.gov/drugs/novel-drug-approvals-fda/novel-drug-approvals-2026
A6: CDER | B6: 46098 | C6: NDA | D6: Lynavoy | E6: linerixibat | F6: 3 | G6: 2026 | H6: Mar 2026 | I6: To treat cholestatic pruritus associated with primary biliary cholangitis | J6: https://www.fda.gov/drugs/novel-drug-approvals-fda/novel-drug-approvals-2026
A7: CDER | B7: 46098 | C7: NDA | D7: Icotyde | E7: icotrokinra | F7: 3 | G7: 2026 | H7: Mar 2026 | I7: To treat moderate-to-severe plaque psoriasis in patients 12 years and older who weigh at least 40 kg and who are candidates for systemic therapy or phototherapy | J7: https://www.fda.gov/drugs/novel-drug-approvals-fda/novel-drug-approvals-2026
A8: CDER | B8: 46080 | C8: NDA | D8: Yuviwel | E8: navepegritide | F8: 2 | G8: 2026 | H8: Feb 2026 | I8: To increase linear growth in pediatric patients 2 years and older with achondroplasia with open epiphyses | J8: https://www.fda.gov/drugs/novel-drug-approvals-fda/novel-drug-approvals-2026
A9: CDER | B9: 46076 | C9: BLA | D9: Loargys | E9: pegzilarginase-nbln | F9: 2 | G9: 2026 | H9: Feb 2026 | I9: To treat hyperarginemia in adults and pediatric patients two years and older with Arginase 1 Deficiency, in conjunction with dietary protein restriction | J9: https://www.fda.gov/drugs/novel-drug-approvals-fda/novel-drug-approvals-2026
A10: CDER | B10: 46073 | C10: NDA | D10: Bysanti | E10: milsaperidone | F10: 2 | G10: 2026 | H10: Feb 2026 | I10: To treat schizophrenia and to treat manic or mixed episodes associated with bipolar I disorder | J10: https://www.fda.gov/drugs/novel-drug-approvals-fda/novel-drug-approvals-2026
A11: CDER | B11: 46065 | C11: NDA | D11: Adquey | E11: difamilast | F11: 2 | G11: 2026 | H11: Feb 2026 | I11: To treat mild to moderate atopic dermatitis | J11: https://www.fda.gov/drugs/novel-drug-approvals-fda/novel-drug-approvals-2026
A12: CDER | B12: 46034 | C12: NDA | D12: Zycubo | E12: copper histidinate | F12: 1 | G12: 2026 | H12: Jan 2026 | I12: To treat Menkes disease | J12: https://www.fda.gov/drugs/novel-drug-approvals-fda/novel-drug-approvals-2026
A13: CDER | B13: 46021 | C13: NDA | D13: Nereus | E13: tradipitant | F13: 12 | G13: 2025 | H13: Dec 2025 | I13: To treat vomiting associated with motion | J13: https://www.fda.gov/drugs/novel-drug-approvals-fda/novel-drug-approvals-2025
A14: CDER | B14: 46014 | C14: BLA | D14: Yartemlea | E14: narsoplimab-wuug | F14: 12 | G14: 2025 | H14: Dec 2025 | I14: To treat hematopoietic stem cell transplant-associated thrombotic microangiopathy | J14: https://www.fda.gov/drugs/novel-drug-approvals-fda/novel-drug-approvals-2025
... A79: CBER | B79: 45665 | C79: BLA | D79: Automated C3d PlateAnti-Human Globulin (Murine Monoclonal) | E79: Automated C3d PlateAnti-Human Globulin (Murine Monoclonal) | F79: 1 | G79: 2025 | H79: Jan 2025 | I79: Indicated for use on Echo Lumena and Galileo Echo in automated direct antiglobulin tests (DAT) where detection of C3d is required. | J79: https://www.fda.gov/vaccines-blood-biologics/development-approval-process-cber/2025-biological-license-application-approvals
A80: CDER | B80: 45646 | C80: BLA | D80: Alhemo | E80: concizumab-mtci | F80: 12 | G80: 2024 | H80: Dec 2024 | J80: FDA Compilation 1985-2024
A81: CDER | B81: 45646 | C81: NDA | D81: Alyftrek | E81: vanzacaftor, tezacaftor and deutivacaftor | F81: 12 | G81: 2024 | H81: Dec 2024 | J81: FDA Compilation 1985-2024
A82: CBER | B82: 45645 | C82: BLA | D82: SYMVESSacellular tissue engineered vessel-tyod | E82: SYMVESSacellular tissue engineered vessel-tyod | F82: 12 | G82: 2024 | H82: Dec 2024 | I82: Indicated for use in adults as a vascular conduit for extremity arterial injury when urgent revascularization is needed to avoid imminent limb loss, and autologous vein graft is not feasible. | J82: https://www.fda.gov/vaccines-blood-biologics/development-approval-process-cber/2024-biological-license-application-approvals
A83: CDER | B83: 45645 | C83: NDA | D83: Tryngolza | E83: olezarsen | F83: 12 | G83: 2024 | H83: Dec 2024 | J83: FDA Compilation 1985-2024
A84: CBER | B84: 45644 | C84: BLA | D84: RYONCILremestemcel-L-rknd | E84: RYONCILremestemcel-L-rknd | F84: 12 | G84: 2024 | H84: Dec 2024 | I84: Indicated for the treatment of steroid-refractory acute graft versus host disease (SR-aGvHD) in pediatric patients 2 months of age and older. | J84: https://www.fda.gov/vaccines-blood-biologics/development-approval-process-cber/2024-biological-license-application-approvals
A85: CDER | B85: 45644 | C85: NDA | D85: Ensacove | E85: ensartinib | F85: 12 | G85: 2024 | H85: Dec 2024 | J85: FDA Compilation 1985-2024
A86: CDER | B86: 45639 | C86: NDA | D86: Crenessity | E86: crinecerfont | F86: 12 | G86: 2024 | H86: Dec 2024 | J86: FDA Compilation 1985-2024
A87: CDER | B87: 45639 | C87: BLA | D87: Unloxcyt | E87: cosibelimab-ipdl | F87: 12 | G87: 2024 | H87: Dec 2024 | J87: FDA Compilation 1985-2024
A88: CDER | B88: 45630 | C88: BLA | D88: Bizengri | E88: zenocutuzumab-zbco | F88: 12 | G88: 2024 | H88: Dec 2024 | J88: FDA Compilation 1985-2024
A89: CDER | B89: 45623 | C89: NDA | D89: Iomervu | E89: iomeprol | F89: 11 | G89: 2024 | H89: Nov 2024 | J89: FDA Compilation 1985-2024
A90: CDER | B90: 45618 | C90: NDA | D90: Attruby | E90: acoramidis | F90: 11 | G90: 2024 | H90: Nov 2024 | J90: FDA Compilation 1985-2024
A91: CDER | B91: 45618 | C91: NDA | D91: Rapiblyk | E91: landiolol | F91: 11 | G91: 2024 | H91: Nov 2024 | J91: FDA Compilation 1985-2024
A92: CDER | B92: 45616 | C92: BLA | D92: Ziihera | E92: zanidatamab-hrii | F92: 11 | G92: 2024 | H92: Nov 2024 | J92: FDA Compilation 1985-2024
A93: CDER | B93: 45611 | C93: NDA | D93: Revuforj | E93: revumenib | F93: 11 | G93: 2024 | H93: Nov 2024 | J93: FDA Compilation 1985-2024
A94: CBER | B94: 45609 | C94: BLA | D94: Kebilidieladocagene exuparvovec-tneq | E94: Kebilidieladocagene exuparvovec-tneq | F94: 11 | G94: 2024 | H94: Nov 2024 | I94: For treatment of adult and pediatric patients with aromatic L-amino acid decarboxylase (AADC) deficiency. | J94: https://www.fda.gov/vaccines-blood-biologics/development-approval-process-cber/2024-biological-license-application-approvals
A95: CBER | B95: 45604 | C95: BLA | D95: Aucatzylobecabtagene autoleucel | E95: Aucatzylobecabtagene autoleucel | F95: 11 | G95: 2024 | H95: Nov 2024 | I95: Indicated for the treatment of adults with relapsed or refractory B-cell precursor acute lymphoblastic leukemia (ALL). | J95: https://www.fda.gov/vaccines-blood-biologics/development-approval-process-cber/2024-biological-license-application-approvals
A96: CDER | B96: 45590 | C96: NDA | D96: Orlynvah | E96: sulopenem etzadroxil and probenecid | F96: 10 | G96: 2024 | H96: Oct 2024 | J96: FDA Compilation 1985-2024
A97: CDER | B97: 45583 | C97: BLA | D97: Vyloy | E97: zolbetuximab-clzb | F97: 10 | G97: 2024 | H97: Oct 2024 | J97: FDA Compilation 1985-2024
A98: CDER | B98: 45576 | C98: BLA | D98: Hympavzi | E98: marstacimab-hncq | F98: 10 | G98: 2024 | H98: Oct 2024 | J98: FDA Compilation 1985-2024
A99: CDER | B99: 45575 | C99: NDA | D99: Itovebi | E99: inavolisib | F99: 10 | G99: 2024 | H99: Oct 2024 | J99: FDA Compilation 1985-2024
A100: CDER | B100: 45562 | C100: NDA | D100: Flyrcado | E100: flurpiridaz F 18 | F100: 9 | G100: 2024 | H100: Sep 2024 | J100: FDA Compilation 1985-2024
A101: CDER | B101: 45561 | C101: NDA | D101: Cobenfy | E101: xanomeline and trospium chloride | F101: 9 | G101: 2024 | H101: Sep 2024 | J101: FDA Compilation 1985-2024
A102: CDER | B102: 45559 | C102: NDA | D102: Aqneursa | E102: levacetylleucine | F102: 9 | G102: 2024 | H102: Sep 2024 | J102: FDA Compilation 1985-2024
A103: CDER | B103: 45555 | C103: NDA | D103: Miplyffa | E103: arimoclomol | F103: 9 | G103: 2024 | H103: Sep 2024 | J103: FDA Compilation 1985-2024
A104: CDER | B104: 45548 | C104: BLA | D104: Ebglyss | E104: lebrikizumab-lbkz | F104: 9 | G104: 2024 | H104: Sep 2024 | J104: FDA Compilation 1985-2024
A105: CDER | B105: 45523 | C105: NDA | D105: Lazcluze | E105: lazertinib | F105: 8 | G105: 2024 | H105: Aug 2024 | J105: FDA Compilation 1985-2024
A106: CDER | B106: 45518 | C106: NDA | D106: Livdelzi | E106: seladelpar | F106: 8 | G106: 2024 | H106: Aug 2024 | J106: FDA Compilation 1985-2024
A107: CDER | B107: 45518 | C107: BLA | D107: Niktimvo | E107: axatilimab-csfr | F107: 8 | G107: 2024 | H107: Aug 2024 | J107: FDA Compilation 1985-2024
... A110: CDER | B110: 45510 | C110: NDA | D110: Voranigo | E110: vorasidenib | F110: 8 | G110: 2024 | H110: Aug 2024 | J110: FDA Compilation 1985-2024
A111: CBER | B111: 45505 | C111: BLA | D111: TECELRAafamitresgene autoleucel | E111: TECELRAafamitresgene autoleucel | F111: 8 | G111: 2024 | H111: Aug 2024 | I111: Indicated for treatment of adults with unresectable or metastatic synovial sarcoma who have received prior chemotherapy, are HLA-A*02:01P, -A*02:02P, -A*02:03P, or -A*02:06P positive and whose tumor expresses the MAGE-A4 antigen as determined by FDA-approved or cleared companion diagnostic devices. | J111: https://www.fda.gov/vaccines-blood-biologics/development-approval-process-cber/2024-biological-license-application-approvals
A112: CDER | B112: 45498 | C112: NDA | D112: Leqselvi | E112: deuruxolitinib | F112: 7 | G112: 2024 | H112: Jul 2024 | J112: FDA Compilation 1985-2024
A113: CDER | B113: 45475 | C113: BLA | D113: Kisunla | E113: donanemab-azbt | F113: 7 | G113: 2024 | H113: Jul 2024 | J113: FDA Compilation 1985-2024
A114: CDER | B114: 45469 | C114: NDA | D114: Ohtuvayre | E114: ensifentrine | F114: 6 | G114: 2024 | H114: Jun 2024 | J114: FDA Compilation 1985-2024
A115: CDER | B115: 45463 | C115: BLA | D115: Piasky | E115: crovalimab-akkz | F115: 6 | G115: 2024 | H115: Jun 2024 | J115: FDA Compilation 1985-2024
A116: CDER | B116: 45461 | C116: NDA | D116: Sofdra | E116: sofpironium | F116: 6 | G116: 2024 | H116: Jun 2024 | J116: FDA Compilation 1985-2024
A117: CBER | B117: 45460 | C117: BLA | D117: CAPVAXIVEPneumococcal 21-valent Conjugate Vaccine | E117: CAPVAXIVEPneumococcal 21-valent Conjugate Vaccine | F117: 6 | G117: 2024 | H117: Jun 2024 | I117: Indicated for active immunization for the prevention of invasive disease caused by Streptococcus pneumoniae serotypes 3, 6A, 7F, 8, 9N, 10A, 11A, 12F, 15A, 15B, 15C, 16F, 17F, 19A, 20A, 22F, 23A, 23B, 24F, 31, 33F, and 35B in individuals 18 years of age and older. | J117: https://www.fda.gov/vaccines-blood-biologics/development-approval-process-cber/2024-biological-license-application-approvals
A118: CBER | B118: 45456 | C118: BLA | D118: YIMMUGOimmune globulin intravenous, human-dira | E118: YIMMUGOimmune globulin intravenous, human-dira | F118: 6 | G118: 2024 | H118: Jun 2024 | I118: Indicated for the treatment of primary humoral immunodeficiency (PI) in patients 2 years of age or older. | J118: https://www.fda.gov/vaccines-blood-biologics/development-approval-process-cber/2024-biological-license-application-approvals
A119: CDER | B119: 45453 | C119: NDA | D119: Iqirvo | E119: elafibranor | F119: 6 | G119: 2024 | H119: Jun 2024 | J119: FDA Compilation 1985-2024
A120: CDER | B120: 45449 | C120: NDA | D120: Rytelo | E120: imetelstat | F120: 6 | G120: 2024 | H120: Jun 2024 | J120: FDA Compilation 1985-2024
A121: CBER | B121: 45443 | C121: BLA | D121: MRESVIARespiratory Syncytial Virus Vaccine | E121: MRESVIARespiratory Syncytial Virus Vaccine | F121: 5 | G121: 2024 | H121: May 2024 | I121: Indicated for active immunization for the prevention of lower respiratory tract disease (LRTD) caused by respiratory syncytial virus (RSV) in individuals 60 years of age and older. | J121: https://www.fda.gov/vaccines-blood-biologics/development-approval-process-cber/2024-biological-license-application-approvals
A122: CDER | B122: 45428 | C122: BLA | D122: Imdelltra | E122: tarlatamab-dlle | F122: 5 | G122: 2024 | H122: May 2024 | J122: FDA Compilation 1985-2024
A123: CDER | B123: 45408 | C123: NDA | D123: Xolremdi | E123: mavorixafor | F123: 4 | G123: 2024 | H123: Apr 2024 | J123: FDA Compilation 1985-2024
A124: CBER | B124: 45407 | C124: BLA | D124: BEQVEZelaparvovec-dzkt | E124: BEQVEZelaparvovec-dzkt | F124: 4 | G124: 2024 | H124: Apr 2024 | I124: Indicated for the treatment of adults with moderate to severe hemophilia B (congenital factor IX deficiency) who: currently use factor IX prophylaxis therapy, or have current or historical life-threatening hemorrhage, or have repeated, serious spontaneous bleeding episodes, and, do not have neutralizing antibodies to adeno-associated virus serotype Rh74var (AAVRh74var) capsid as detected by an FDA-approved test. | J124: https://www.fda.gov/vaccines-blood-biologics/development-approval-process-cber/2024-biological-license-application-approvals
A125: CDER | B125: 45405 | C125: NDA | D125: Ojemda | E125: tovorafenib | F125: 4 | G125: 2024 | H125: Apr 2024 | J125: FDA Compilation 1985-2024
A126: CDER | B126: 45404 | C126: BLA | D126: Anktiva | E126: nogapendekin alfa inbakicept-pmln | F126: 4 | G126: 2024 | H126: Apr 2024 | J126: FDA Compilation 1985-2024
A127: CDER | B127: 45399 | C127: NDA | D127: Lumisight | E127: pegulicianine | F127: 4 | G127: 2024 | H127: Apr 2024 | J127: FDA Compilation 1985-2024
A128: CDER | B128: 45385 | C128: NDA | D128: Zevtera | E128: ceftobiprole medocaril sodium | F128: 4 | G128: 2024 | H128: Apr 2024 | J128: FDA Compilation 1985-2024
A129: CDER | B129: 45380 | C129: NDA | D129: Voydeya | E129: danicopan | F129: 3 | G129: 2024 | H129: Mar 2024 | J129: FDA Compilation 1985-2024
A130: CDER | B130: 45378 | C130: NDA | D130: Vafseo | E130: vadadustat | F130: 3 | G130: 2024 | H130: Mar 2024 | J130: FDA Compilation 1985-2024
A131: CDER | B131: 45377 | C131: BLA | D131: Winrevair | E131: sotatercept-csrk | F131: 3 | G131: 2024 | H131: Mar 2024 | J131: FDA Compilation 1985-2024
A132: CDER | B132: 45372 | C132: NDA | D132: Duvyzat | E132: givinostat | F132: 3 | G132: 2024 | H132: Mar 2024 | J132: FDA Compilation 1985-2024
A133: CDER | B133: 45370 | C133: NDA | D133: Tryvio | E133: aprocitentan | F133: 3 | G133: 2024 | H133: Mar 2024 | J133: FDA Compilation 1985-2024
A134: CBER | B134: 45370 | C134: BLA | D134: cobas Malariacobas Malaria,Nucleic Acid Test foruse on the cobas6800/8800 Systems | E134: cobas Malariacobas Malaria,Nucleic Acid Test foruse on the cobas6800/8800 Systems | F134: 3 | G134: 2024 | H134: Mar 2024 | I134: Is a qualitative in vitro nucleic acid screening test for the direct detection of Plasmodium (P. falciparum, P. malariae, P. vivax, P. ovale and P. knowlesi) DNA and RNA in whole blood samples from individual human donors, including donors of whole blood and blood components, as well as other living donors. It is also intended for use in testing whole blood samples to screen organ and tissue donors when samples are obtained while the donor’s heart is still beating. | J134: https://www.fda.gov/vaccines-blood-biologics/development-approval-process-cber/2024-biological-license-application-approvals
A135: CBER | B135: 45369 | C135: BLA | D135: LENMELDYatidarsagene autotemcel | E135: LENMELDYatidarsagene autotemcel | F135: 3 | G135: 2024 | H135: Mar 2024 | I135: Indicated for treatment of children with pre-symptomatic late infantile (PSLI), pre-symptomatic early juvenile (PSEJ) or early symptomatic early juvenile (ESEJ) metachromatic leukodystrophy (MLD). | J135: https://www.fda.gov/vaccines-blood-biologics/development-approval-process-cber/2024-biological-license-application-approvals
A136: CDER | B136: 45365 | C136: NDA | D136: Rezdiffra | E136: resmetirom | F136: 3 | G136: 2024 | H136: Mar 2024 | J136: FDA Compilation 1985-2024
A137: CDER | B137: 45364 | C137: BLA | D137: Tevimbra | E137: tislelizumab-jsgr | F137: 3 | G137: 2024 | H137: Mar 2024 | J137: FDA Compilation 1985-2024
A138: CDER | B138: 45351 | C138: BLA | D138: Letybo | E138: letibotulinumtoxinA-wlbg | F138: 2 | G138: 2024 | H138: Feb 2024 | J138: FDA Compilation 1985-2024
A139: CBER | B139: 45350 | C139: BLA | D139: Elecsys Anti-HCV IIElecsys Anti-HCV II | E139: Elecsys Anti-HCV IIElecsys Anti-HCV II | F139: 2 | G139: 2024 | H139: Feb 2024 | I139: An in vitro immunoassay for the qualitative detection of antibodies to hepatitis C virus (HCV) in human serum and plasma. It is intended to screen individual human donors, including volunteer donors of whole blood, blood components and source plasma. The assay is also intended to be used to screen organ, tissue and cell donors, when donor samples are obtained while the donor's heart is still beating. It is not intended for use on cord blood specimens. | J139: https://www.fda.gov/vaccines-blood-biologics/development-approval-process-cber/2024-biological-license-application-approvals
A140: CBER | B140: 45349 | C140: BLA | D140: Elecsys Anti-HBc IIElecsys Anti-HBc II | E140: Elecsys Anti-HBc IIElecsys Anti-HBc II | F140: 2 | G140: 2024 | H140: Feb 2024 | I140: An in vitro immunoassay for the qualitative detection of antibodies to hepatitis B core antigen (anti-HBc) in human serum and plasma. It is intended to screen individual human donors, including volunteer donors of whole blood and blood components. The assay is also intended to be used to screen organ, tissue and cell donors, when donor samples are obtained while the donor’s heart is still beating. It is not intended for use on cord blood specimens. | J140: https://www.fda.gov/vaccines-blood-biologics/development-approval-process-cber/2024-biological-license-application-approvals
A141: CDER | B141: 45344 | C141: NDA | D141: Exblifep | E141: cefepime and enmetazobactam | F141: 2 | G141: 2024 | H141: Feb 2024 | J141: FDA Compilation 1985-2024
A142: CBER | B142: 45343 | C142: BLA | D142: Elecsys HBsAg II and Elecsys HBsAg II Auto ConfirmElecsys HBsAg II and Elecsys HBsAg II Auto Confirm | E142: Elecsys HBsAg II and Elecsys HBsAg II Auto ConfirmElecsys HBsAg II and Elecsys HBsAg II Auto Confirm | F142: 2 | G142: 2024 | H142: Feb 2024 | I142: An in vitro immunoassay intended for the qualitative detection of hepatitis B surface antigen (HBsAg) in human serum and plasma. It is intended to screen individual human donors, including volunteer donors of whole blood, blood components and source plasma. The assay is also intended to be used to screen organ, tissue and cell donors, when donor samples are obtained while the donor’s heart is still beating. It is not intended for use on cord blood specimens. | J142: https://www.fda.gov/vaccines-blood-biologics/development-approval-process-cber/2024-biological-license-application-approvals
A143: CBER | B143: 45338 | C143: BLA | D143: AMTAGVILifileucel | E143: AMTAGVILifileucel | F143: 2 | G143: 2024 | H143: Feb 2024 | I143: Indicated for treatment of adult patients with unresectable or metastatic melanoma previously treated with a PD-1 blocking antibody, and if BRAF V600 mutation positive, a BRAF inhibitor with or without a MEK inhibitor. | J143: https://www.fda.gov/vaccines-blood-biologics/development-approval-process-cber/2024-biological-license-application-approvals
A144: CBER | B144: 45327 | C144: BLA | D144: Elecsys ChagasElecsys Chagas | E144: Elecsys ChagasElecsys Chagas | F144: 2 | G144: 2024 | H144: Feb 2024 | I144: An in vitro immunoassay for the qualitative detection of antibodies to Trypanosoma cruzi (T. cruzi, the causative agent of the Chagas disease) in human serum and plasma. It’s intended to screen individual human donors, including volunteer donors of whole blood and blood components. The assay is also intended to be used to screen organ, tissue and cell donors, when donor samples are obtained while the donor’s heart is still beating. It is not intended for use on cord blood specimens. | J144: https://www.fda.gov/vaccines-blood-biologics/development-approval-process-cber/2024-biological-license-application-approvals
A145: CBER | B145: 45321 | C145: BLA | D145: Source Plasma | E145: Source Plasma | F145: 1 | G145: 2024 | H145: Jan 2024 | I145: Indicated for further manufacturing of injectable products. | J145: https://www.fda.gov/vaccines-blood-biologics/development-approval-process-cber/2024-biological-license-application-approvals
A146: CBER | B146: 45307 | C146: BLA | D146: CASGEVYExagamglogene autotemcel | E146: CASGEVYExagamglogene autotemcel | F146: 1 | G146: 2024 | H146: Jan 2024 | I146: Indicated the treatment of patients aged 12 years and older with transfusion-dependent ß-thalassemia (TDT). | J146: https://www.fda.gov/vaccines-blood-biologics/development-approval-process-cber/2024-biological-license-application-approvals
A147: CDER | B147: 45296 | C147: NDA | D147: Zelsuvmi | E147: berdazimer | F147: 1 | G147: 2024 | H147: Jan 2024 | J147: FDA Compilation 1985-2024
A148: CDER | B148: 45281 | C148: NDA | D148: Wainua | E148: eplontersen | F148: 12 | G148: 2023 | H148: Dec 2023 | J148: FDA Compilation 1985-2024
A149: CDER | B149: 45278 | C149: NDA | D149: Filsuvez | E149: birch triterpenes | F149: 12 | G149: 2023 | H149: Dec 2023 | J149: FDA Compilation 1985-2024
A150: CBER | B150: 45275 | C150: BLA | D150: Alygloimmune globulin intravenous, human-stwk | E150: Alygloimmune globulin intravenous, human-stwk | F150: 12 | G150: 2023 | H150: Dec 2023 | I150: Indicated for treatment of primary humoral immunodeficiency (PI) in adults. | J150: https://www.fda.gov/vaccines-blood-biologics/development-approval-process-cber/2023-biological-license-application-approvals
A151: CBER | B151: 45268 | C151: BLA | D151: LYFGENIAlovotibeglogene autotemcel | E151: LYFGENIAlovotibeglogene autotemcel | F151: 12 | G151: 2023 | H151: Dec 2023 | I151: Indicated for the treatment of patients 12 years of age or older with sickle cell disease and a history of vaso-occlusive events (VOEs). | J151: https://www.fda.gov/vaccines-blood-biologics/development-approval-process-cber/2023-biological-license-application-approvals
A152: CBER | B152: 45268 | C152: BLA | D152: Casgevyexagamglogene autotemcel (exa-cel) | E152: Casgevyexagamglogene autotemcel (exa-cel) | F152: 12 | G152: 2023 | H152: Dec 2023 | I152: Indicated for treatment of sickle cell disease (SCD) in patients 12 years of age or older with recurrent vaso-occlusive crises (VOCs). | J152: https://www.fda.gov/vaccines-blood-biologics/development-approval-process-cber/2023-biological-license-application-approvals
A153: CDER | B153: 45265 | C153: NDA | D153: Fabhalta | E153: iptacopan | F153: 12 | G153: 2023 | H153: Dec 2023 | J153: FDA Compilation 1985-2024
A154: CDER | B154: 45257 | C154: NDA | D154: Ogsiveo | E154: nirogacestat | F154: 11 | G154: 2023 | H154: Nov 2023 | J154: FDA Compilation 1985-2024
A155: CDER | B155: 45246 | C155: BLA | D155: Ryzneuta | E155: efbemalenograstim alfa-vuxw | F155: 11 | G155: 2023 | H155: Nov 2023 | J155: FDA Compilation 1985-2024
A156: CDER | B156: 45246 | C156: NDA | D156: Truqap | E156: capivasertib | F156: 11 | G156: 2023 | H156: Nov 2023 | J156: FDA Compilation 1985-2024
A157: CDER | B157: 45245 | C157: NDA | D157: Defencath | E157: taurolidine and heparin | F157: 11 | G157: 2023 | H157: Nov 2023 | J157: FDA Compilation 1985-2024
A158: CDER | B158: 45245 | C158: NDA | D158: Augtyro | E158: repotrectinib | F158: 11 | G158: 2023 | H158: Nov 2023 | J158: FDA Compilation 1985-2024
A159: CBER | B159: 45239 | C159: BLA | D159: ADZYNMAADAMTS13, recombinant-krhn | E159: ADZYNMAADAMTS13, recombinant-krhn | F159: 11 | G159: 2023 | H159: Nov 2023 | I159: Indicated for prophylactic or on demand enzyme replacement therapy (ERT) in adult and pediatric patients with congenital thrombotic thrombocytopenic purpura (cTTP). | J159: https://www.fda.gov/vaccines-blood-biologics/development-approval-process-cber/2023-biological-license-application-approvals
A160: CBER | B160: 45239 | C160: BLA | D160: IXCHIQChikungunya Vaccine, Live | E160: IXCHIQChikungunya Vaccine, Live | F160: 11 | G160: 2023 | H160: Nov 2023 | I160: Indicated for active immunization for the prevention of disease caused by chikungunya virus in individuals 18 years of age and older who are at increased risk of exposure to chikungunya virus. | J160: https://www.fda.gov/vaccines-blood-biologics/development-approval-process-cber/2023-biological-license-application-approvals
A161: CDER | B161: 45238 | C161: NDA | D161: Fruzaqla | E161: fruquintinib | F161: 11 | G161: 2023 | H161: Nov 2023 | J161: FDA Compilation 1985-2024
A162: CDER | B162: 45226 | C162: BLA | D162: Loqtorzi | E162: toripalimab-tpzi | F162: 10 | G162: 2023 | H162: Oct 2023 | J162: FDA Compilation 1985-2024
A163: CDER | B163: 45225 | C163: NDA | D163: Agamree | E163: vamorolone | F163: 10 | G163: 2023 | H163: Oct 2023 | J163: FDA Compilation 1985-2024
A164: CDER | B164: 45225 | C164: BLA | D164: Omvoh | E164: mirikizumab-mrkz | F164: 10 | G164: 2023 | H164: Oct 2023 | J164: FDA Compilation 1985-2024
A165: CBER | B165: 45219 | C165: BLA | D165: PENBRAYAMeningococcal Groups A, B, C, W, and Y Vaccine | E165: PENBRAYAMeningococcal Groups A, B, C, W, and Y Vaccine | F165: 10 | G165: 2023 | H165: Oct 2023 | I165: Indicated for active immunization to prevent invasive disease caused by Neisseria meningitidis serogroups A, B, C, W, and Y. Meningococcal Groups A, B, C, W, and Y Vaccine is approved for use in individuals 10 through 25 years of age. | J165: https://www.fda.gov/vaccines-blood-biologics/development-approval-process-cber/2023-biological-license-application-approvals
A166: CDER | B166: 45216 | C166: NDA | D166: Zilbrysq | E166: zilucoplan | F166: 10 | G166: 2023 | H166: Oct 2023 | J166: FDA Compilation 1985-2024
...

Sheet Biosimilar Approval Database
A1: Data pulled: 04/12/2026 | Biosimilar page current as of: N/A
A2: Approval Date | B2: Approval Year | C2: Approval Month & Year | D2: Biosimilar Name | E2: Active Ingredient | F2: Reference Product | G2: Count | H2: Source
