Workbook

Sheet COVER
B2: Waters Corporation (WAT) — Post-BD Quarterly Model
B4: Purpose
B5: Quarterly revenue model by Waters new 4-division / 10-subsegment structure with full organic/M&A/FX bridge (matching TMO and Agilent model framework). Post-BD Biosciences & Diagnostic Solutions acquisition (closed Feb 9, 2026).
B7: Division / Subsegment structure
B8: ASD — Analytical Sciences: Instruments, Service, Chemistry
B9: WBD — Biosciences (BD-acquired Feb 9, 2026): Flow Research, Flow Clinical
B10: ADX — Advanced Diagnostics: MSDx (legacy CBU), MDx & PoC (BD-acquired), Microbiology (BD-acquired)
B11: MSD — Materials Sciences (TA Instruments): Instruments, Service
B13: Bridge framework (5 rows per subsegment)
B14: Revenue | Reported Y/Y | Organic | M&A | FX. For Q1-26 BD-acquired subsegs (WBD + ADX-DS), M&A row captures the partial-year ownership impact (Feb 9 close means owned ~50% of Q1-26 — Reported Y/Y vs Q1-25 pro forma full quarter looks negative). Organic and FX use disclosed pro forma underlying growth from Q1-26 deck.
B16: Color convention
B17: Black formulas | Blue hardcoded actuals | Red forward assumptions | Green cross-sheet links
... B20: Waters Q1 2026 Earnings Presentation; Waters 1Q26 Financial Supplement; Waters Q1 2026 10-Q; Q1 2026 Non-GAAP Recs.

Sheet Summary
B2: Waters — Consolidated Summary
C4: Period | D4: 1Q | E4: 2Q | F4: 3Q | G4: 4Q | H4: FY | I4: 1Q | J4: 2Q | K4: 3Q | L4: 4Q | M4: FY | N4: 1Q | O4: 2Q | P4: 3Q | Q4: 4Q | R4: FY | S4: 1Q | T4: 2Q | U4: 3Q | V4: 4Q | W4: FY
C5: Fiscal Year (Dec YE) | D5: 25 | E5: =D5 -> 25 | F5: =E5 -> 25 | G5: =F5 -> 25 | H5: =G5 -> 25 | I5: =H5+1 -> 26 | J5: =I5 -> 26 | K5: =J5 -> 26 | L5: =K5 -> 26 | M5: =L5 -> 26 | N5: =M5+1 -> 27 | O5: =N5 -> 27 | P5: =O5 -> 27 | Q5: =P5 -> 27 | R5: =Q5 -> 27 | S5: =R5+1 -> 28 | T5: =S5 -> 28 | U5: =T5 -> 28 | V5: =U5 -> 28 | W5: =V5 -> 28
C7: Status | D7: REPORTED
C8: Reported (blank) or Estimate ("E") | J8: E | K8: E | L8: E | M8: E | N8: E | O8: E | P8: E | Q8: E | R8: E | S8: E | T8: E | U8: E | V8: E | W8: E
C9: Fiscal Period | D9: =D$4&D5&D8 -> 1Q25 | E9: =E$4&E5&E8 -> 2Q25 | F9: =F$4&F5&F8 -> 3Q25 | G9: =G$4&G5&G8 -> 4Q25 | H9: =H$4&H5&H8 -> FY25 | I9: =I$4&I5&I8 -> 1Q26 | J9: =J$4&J5&J8 -> 2Q26E | K9: =K$4&K5&K8 -> 3Q26E | ... W9: =W$4&W5&W8 -> FY28E
C10: Period end date | D10: 45745 | E10: 45836 | F10: 45927 | G10: 46022 | H10: 46022 | I10: 46116 | J10: 46207 | K10: 46298 | L10: 46387 | M10: 46387 | N10: 46480 | O10: 46571 | P10: 46662 | Q10: 46752 | R10: 46752 | S10: 46844 | T10: 46935 | U10: 47026 | V10: 47117 | W10: 47117
B11: TOTAL REVENUE
C12: Total Waters revenue ($M) | D12: =Model!D102 -> 1455 | E12: =Model!E102 -> 1553 | F12: =Model!F102 -> 1686 | G12: =Model!G102 -> 1699 | H12: =Model!H102 -> 6393 | I12: =Model!I102 -> 1267 | J12: =Model!J102 -> 1646.18 | K12: =Model!K102 -> 1787.16 | ... W12: =Model!W102 -> 7580.4382
C13: Reported Y/Y | D13: =Model!D103 -> 0 | E13: =Model!E103 -> 0 | F13: =Model!F103 -> 0 | G13: =Model!G103 -> 0 | H13: =Model!H103 -> 0 | I13: =Model!I103 -> -0.12920962 | J13: =Model!J103 -> 0.06 | K13: =Model!K103 -> 0.06 | ... W13: =Model!W103 -> 0.06
C14: Organic CC | D14: =Model!D104 -> 0 | E14: =Model!E104 -> 0 | F14: =Model!F104 -> 0 | G14: =Model!G104 -> 0 | H14: =Model!H104 -> 0 | I14: =Model!I104 -> 0.089353952 | J14: =Model!J104 -> 0.06 | K14: =Model!K104 -> 0.06 | ... W14: =Model!W104 -> 0.06
C15: M&A / Acquired | D15: =Model!D105 -> 0 | E15: =Model!E105 -> 0 | F15: =Model!F105 -> 0 | G15: =Model!G105 -> 0 | H15: =Model!H105 -> 0 | I15: =Model!I105 -> -0.23909966 | J15: =Model!J105 -> 0 | K15: =Model!K105 -> 0 | ... W15: =Model!W105 -> 0
C16: FX | D16: =Model!D106 -> 0 | E16: =Model!E106 -> 0 | F16: =Model!F106 -> 0 | G16: =Model!G106 -> 0 | H16: =Model!H106 -> 0 | I16: =Model!I106 -> 0.020536082 | J16: =Model!J106 -> 0 | K16: =Model!K106 -> 0 | ... W16: =Model!W106 -> 0
B18: BY DIVISION
C19: Analytical Sciences Division (ASD)
C20: Revenue ($M) | D20: =Model!D40 -> 534 | E20: =Model!E40 -> 625 | F20: =Model!F40 -> 650 | G20: =Model!G40 -> 732 | H20: =Model!H40 -> 2541 | I20: =Model!I40 -> 607 | J20: =Model!J40 -> 662.5 | K20: =Model!K40 -> 689 | ... W20: =Model!W40 -> 3072.3943
C21: Reported Y/Y | D21: =Model!D41 -> 0 | E21: =Model!E41 -> 0 | F21: =Model!F41 -> 0 | G21: =Model!G41 -> 0 | H21: =Model!H41 -> 0 | I21: =Model!I41 -> 0.13670412 | J21: =Model!J41 -> 0.06 | K21: =Model!K41 -> 0.06 | ... W21: =Model!W41 -> 0.06
C22: Organic | D22: =Model!D42 -> 0 | E22: =Model!E42 -> 0 | F22: =Model!F42 -> 0 | G22: =Model!G42 -> 0 | H22: =Model!H42 -> 0 | I22: =Model!I42 -> 0.11588015 | J22: =Model!J42 -> 0.06 | K22: =Model!K42 -> 0.06 | ... W22: =Model!W42 -> 0.06
C24: Biosciences Division (WBD)
C25: Revenue ($M) | D25: =Model!D57 -> 352 | E25: =Model!E57 -> 358 | F25: =Model!F57 -> 387 | G25: =Model!G57 -> 327 | H25: =Model!H57 -> 1424 | I25: =Model!I57 -> 233 | J25: =Model!J57 -> 379.48 | K25: =Model!K57 -> 410.22 | ... W25: =Model!W57 -> 1662.058
C26: Reported Y/Y | D26: =Model!D58 -> 0 | E26: =Model!E58 -> 0 | F26: =Model!F58 -> 0 | G26: =Model!G58 -> 0 | H26: =Model!H58 -> 0 | I26: =Model!I58 -> -0.33806818 | J26: =Model!J58 -> 0.06 | K26: =Model!K58 -> 0.06 | ... W26: =Model!W58 -> 0.06
C27: Organic | D27: =Model!D59 -> 0 | E27: =Model!E59 -> 0 | F27: =Model!F59 -> 0 | G27: =Model!G59 -> 0 | H27: =Model!H59 -> 0 | I27: =Model!I59 -> 0.07 | J27: =Model!J59 -> 0.06 | K27: =Model!K59 -> 0.06 | ... W27: =Model!W59 -> 0.06
C29: Advanced Diagnostics Division (ADX)
C30: Revenue ($M) | D30: =Model!D79 -> 494 | E30: =Model!E79 -> 488 | F30: =Model!F79 -> 562 | G30: =Model!G79 -> 532 | H30: =Model!H79 -> 2076 | I30: =Model!I79 -> 348 | J30: =Model!J79 -> 517.28 | K30: =Model!K79 -> 595.72 | ... W30: =Model!W79 -> 2427.3101
C31: Reported Y/Y | D31: =Model!D80 -> 0 | E31: =Model!E80 -> 0 | F31: =Model!F80 -> 0 | G31: =Model!G80 -> 0 | H31: =Model!H80 -> 0 | I31: =Model!I80 -> -0.29554656 | J31: =Model!J80 -> 0.06 | K31: =Model!K80 -> 0.06 | ... W31: =Model!W80 -> 0.06
C32: Organic | D32: =Model!D81 -> 0 | E32: =Model!E81 -> 0 | F32: =Model!F81 -> 0 | G32: =Model!G81 -> 0 | H32: =Model!H81 -> 0 | I32: =Model!I81 -> 0.085242915 | J32: =Model!J81 -> 0.06 | K32: =Model!K81 -> 0.06 | ... W32: =Model!W81 -> 0.06
C34: Materials Sciences Division (MSD)
C35: Revenue ($M) | D35: =Model!D96 -> 75 | E35: =Model!E96 -> 82 | F35: =Model!F96 -> 87 | G35: =Model!G96 -> 108 | H35: =Model!H96 -> 352 | I35: =Model!I96 -> 79 | J35: =Model!J96 -> 86.92 | K35: =Model!K96 -> 92.22 | ... W35: =Model!W96 -> 418.67583
C36: Reported Y/Y | D36: =Model!D97 -> 0 | E36: =Model!E97 -> 0 | F36: =Model!F97 -> 0 | G36: =Model!G97 -> 0 | H36: =Model!H97 -> 0 | I36: =Model!I97 -> 0.053333333 | J36: =Model!J97 -> 0.06 | K36: =Model!K97 -> 0.06 | ... W36: =Model!W97 -> 0.06
C37: Organic | D37: =Model!D98 -> 0 | E37: =Model!E98 -> 0 | F37: =Model!F98 -> 0 | G37: =Model!G98 -> 0 | H37: =Model!H98 -> 0 | I37: =Model!I98 -> 0.0184 | J37: =Model!J98 -> 0.06 | K37: =Model!K98 -> 0.06 | ... W37: =Model!W98 -> 0.06

Sheet Model
B2: Waters Quarterly Model — Revenue Bridge by Subsegment ($M)
C4: Period | D4: 1Q | E4: 2Q | F4: 3Q | G4: 4Q | H4: FY | I4: 1Q | J4: 2Q | K4: 3Q | L4: 4Q | M4: FY | N4: 1Q | O4: 2Q | P4: 3Q | Q4: 4Q | R4: FY | S4: 1Q | T4: 2Q | U4: 3Q | V4: 4Q | W4: FY
C5: Fiscal Year (Dec YE) | D5: 25 | E5: =D5 -> 25 | F5: =E5 -> 25 | G5: =F5 -> 25 | H5: =G5 -> 25 | I5: =H5+1 -> 26 | J5: =I5 -> 26 | K5: =J5 -> 26 | L5: =K5 -> 26 | M5: =L5 -> 26 | N5: =M5+1 -> 27 | O5: =N5 -> 27 | P5: =O5 -> 27 | Q5: =P5 -> 27 | R5: =Q5 -> 27 | S5: =R5+1 -> 28 | T5: =S5 -> 28 | U5: =T5 -> 28 | V5: =U5 -> 28 | W5: =V5 -> 28
C7: Status | D7: REPORTED
C8: Reported (blank) or Estimate ("E") | J8: E | K8: E | L8: E | M8: E | N8: E | O8: E | P8: E | Q8: E | R8: E | S8: E | T8: E | U8: E | V8: E | W8: E
C9: Fiscal Period | D9: =D$4&D5&D8 -> 1Q25 | E9: =E$4&E5&E8 -> 2Q25 | F9: =F$4&F5&F8 -> 3Q25 | G9: =G$4&G5&G8 -> 4Q25 | H9: =H$4&H5&H8 -> FY25 | I9: =I$4&I5&I8 -> 1Q26 | J9: =J$4&J5&J8 -> 2Q26E | K9: =K$4&K5&K8 -> 3Q26E | ... W9: =W$4&W5&W8 -> FY28E
C10: Period end date | D10: 45745 | E10: 45836 | F10: 45927 | G10: 46022 | H10: 46022 | I10: 46116 | J10: 46207 | K10: 46298 | L10: 46387 | M10: 46387 | N10: 46480 | O10: 46571 | P10: 46662 | Q10: 46752 | R10: 46752 | S10: 46844 | T10: 46935 | U10: 47026 | V10: 47117 | W10: 47117
B11: TOP-LINE SUMMARY (from bottom of tab)
C12: Total Waters revenue ($M) | D12: =D102 -> 1455 | E12: =E102 -> 1553 | F12: =F102 -> 1686 | G12: =G102 -> 1699 | H12: =H102 -> 6393 | I12: =I102 -> 1267 | J12: =J102 -> 1646.18 | K12: =K102 -> 1787.16 | ... W12: =W102 -> 7580.4382
C13: Reported Y/Y | D13: =D103 -> 0 | E13: =E103 -> 0 | F13: =F103 -> 0 | G13: =G103 -> 0 | H13: =H103 -> 0 | I13: =I103 -> -0.12920962 | J13: =J103 -> 0.06 | K13: =K103 -> 0.06 | ... W13: =W103 -> 0.06
C14: Organic CC | D14: =D104 -> 0 | E14: =E104 -> 0 | F14: =F104 -> 0 | G14: =G104 -> 0 | H14: =H104 -> 0 | I14: =I104 -> 0.089353952 | J14: =J104 -> 0.06 | K14: =K104 -> 0.06 | ... W14: =W104 -> 0.06
C15: M&A / Acquired | D15: =D105 -> 0 | E15: =E105 -> 0 | F15: =F105 -> 0 | G15: =G105 -> 0 | H15: =H105 -> 0 | I15: =I105 -> -0.23909966 | J15: =J105 -> 0 | K15: =K105 -> 0 | ... W15: =W105 -> 0
C16: FX | D16: =D106 -> 0 | E16: =E106 -> 0 | F16: =F106 -> 0 | G16: =G106 -> 0 | H16: =H106 -> 0 | I16: =I106 -> 0.020536082 | J16: =J106 -> 0 | K16: =K106 -> 0 | ... W16: =W106 -> 0
C18: Total adj op income ($M) | D18: =D125 -> 506.815 | E18: =E125 -> 426.86 | F18: =F125 -> 460.84 | G18: =G125 -> 467.14 | H18: =H125 -> 1861.655 | I18: =I125 -> 389.346 | J18: =J125 -> 452.4716 | K18: =K125 -> 488.4904 | ... W18: =W125 -> 2079.9467
C19: Adj op margin % | D19: =D126 -> 0.34832646 | E19: =E126 -> 0.27486156 | F19: =F126 -> 0.27333333 | G19: =G126 -> 0.27494997 | H19: =H126 -> 0.2912021 | I19: =I126 -> 0.30729755 | J19: =J126 -> 0.27486156 | K19: =K126 -> 0.27333333 | ... W19: =W126 -> 0.27438343
B22: REVENUE BUILD — BY DIVISION / SUBSEGMENT
C24: Analytical Sciences Division (ASD)
A25: 10-Q / Deck | C25: ASD - Instruments | D25: 194 | E25: 227 | F25: 236 | G25: 266 | H25: =D25+E25+F25+G25 -> 923 | I25: 210 | J25: =E25*(1+J27+J28+J29) -> 240.62 | K25: =F25*(1+K27+K28+K29) -> 250.16 | L25: =G25*(1+L27+L28+L29) -> 281.96 | M25: =I25+J25+K25+L25 -> 982.74 | N25: =I25*(1+N27+N28+N29) -> 222.6 | O25: =J25*(1+O27+O28+O29) -> 255.0572 | P25: =K25*(1+P27+P28+P29) -> 265.1696 | Q25: =L25*(1+Q27+Q28+Q29) -> 298.8776 | R25: =N25+O25+P25+Q25 -> 1041.7044 | S25: =N25*(1+S27+S28+S29) -> 235.956 | T25: =O25*(1+T27+T28+T29) -> 270.36063 | U25: =P25*(1+U27+U28+U29) -> 281.07978 | V25: =Q25*(1+V27+V28+V29) -> 316.81026 | W25: =S25+T25+U25+V25 -> 1104.2067
C26: Reported Y/Y | I26: =IFERROR(I25/D25-1,0) -> 0.082474227 | J26: =J27+J28+J29 -> 0.06 | K26: =K27+K28+K29 -> 0.06 | L26: =L27+L28+L29 -> 0.06 | M26: =IFERROR(M25/H25-1,0) -> 0.064723727 | N26: =N27+N28+N29 -> 0.06 | O26: =O27+O28+O29 -> 0.06 | P26: =P27+P28+P29 -> 0.06 | Q26: =Q27+Q28+Q29 -> 0.06 | R26: =IFERROR(R25/M25-1,0) -> 0.06 | S26: =S27+S28+S29 -> 0.06 | T26: =T27+T28+T29 -> 0.06 | U26: =U27+U28+U29 -> 0.06 | V26: =V27+V28+V29 -> 0.06 | W26: =IFERROR(W25/R25-1,0) -> 0.06
C27: Organic | I27: 0.08 | J27: 0.06 | K27: 0.06 | L27: 0.06 | M27: =IFERROR(((I27*D25)+(J27*E25)+(K27*F25)+(L27*G25))/(D25+E25+F25+G25),0) -> 0.064203684 | N27: 0.06 | O27: 0.06 | P27: 0.06 | Q27: 0.06 | R27: =IFERROR(((N27*I25)+(O27*J25)+(P27*K25)+(Q27*L25))/(I25+J25+K25+L25),0) -> 0.06 | S27: 0.06 | T27: 0.06 | U27: 0.06 | V27: 0.06 | W27: =IFERROR(((S27*N25)+(T27*O25)+(U27*P25)+(V27*Q25))/(N25+O25+P25+Q25),0) -> 0.06
C28: M&A / Acquired | I28: =I26-I27-I29 -> 0.0024742268 | J28: 0 | K28: 0 | L28: 0 | M28: =IFERROR(((I28*D25)+(J28*E25)+(K28*F25)+(L28*G25))/(D25+E25+F25+G25),0) -> 0.00052004334 | N28: 0 | O28: 0 | P28: 0 | Q28: 0 | R28: =IFERROR(((N28*I25)+(O28*J25)+(P28*K25)+(Q28*L25))/(I25+J25+K25+L25),0) -> 0 | S28: 0 | T28: 0 | U28: 0 | V28: 0 | W28: =IFERROR(((S28*N25)+(T28*O25)+(U28*P25)+(V28*Q25))/(N25+O25+P25+Q25),0) -> 0
C29: FX | I29: 0 | J29: 0 | K29: 0 | L29: 0 | M29: =IFERROR(((I29*D25)+(J29*E25)+(K29*F25)+(L29*G25))/(D25+E25+F25+G25),0) -> 0 | N29: 0 | O29: 0 | P29: 0 | Q29: 0 | R29: =IFERROR(((N29*I25)+(O29*J25)+(P29*K25)+(Q29*L25))/(I25+J25+K25+L25),0) -> 0 | S29: 0 | T29: 0 | U29: 0 | V29: 0 | W29: =IFERROR(((S29*N25)+(T29*O25)+(U29*P25)+(V29*Q25))/(N25+O25+P25+Q25),0) -> 0
A30: 10-Q / Deck | C30: ASD - Service | D30: 216 | E30: 253 | F30: 263 | G30: 296 | H30: =D30+E30+F30+G30 -> 1028 | I30: 253 | J30: =E30*(1+J32+J33+J34) -> 268.18 | K30: =F30*(1+K32+K33+K34) -> 278.78 | L30: =G30*(1+L32+L33+L34) -> 313.76 | M30: =I30+J30+K30+L30 -> 1113.72 | N30: =I30*(1+N32+N33+N34) -> 268.18 | O30: =J30*(1+O32+O33+O34) -> 284.2708 | P30: =K30*(1+P32+P33+P34) -> 295.5068 | Q30: =L30*(1+Q32+Q33+Q34) -> 332.5856 | R30: =N30+O30+P30+Q30 -> 1180.5432 | S30: =N30*(1+S32+S33+S34) -> 284.2708 | T30: =O30*(1+T32+T33+T34) -> 301.32705 | U30: =P30*(1+U32+U33+U34) -> 313.23721 | V30: =Q30*(1+V32+V33+V34) -> 352.54074 | W30: =S30+T30+U30+V30 -> 1251.3758
C31: Reported Y/Y | I31: =IFERROR(I30/D30-1,0) -> 0.1712963 | J31: =J32+J33+J34 -> 0.06 | K31: =K32+K33+K34 -> 0.06 | L31: =L32+L33+L34 -> 0.06 | M31: =IFERROR(M30/H30-1,0) -> 0.083385214 | N31: =N32+N33+N34 -> 0.06 | O31: =O32+O33+O34 -> 0.06 | P31: =P32+P33+P34 -> 0.06 | Q31: =Q32+Q33+Q34 -> 0.06 | R31: =IFERROR(R30/M30-1,0) -> 0.06 | S31: =S32+S33+S34 -> 0.06 | T31: =T32+T33+T34 -> 0.06 | U31: =U32+U33+U34 -> 0.06 | V31: =V32+V33+V34 -> 0.06 | W31: =IFERROR(W30/R30-1,0) -> 0.06
C32: Organic | I32: 0.14 | J32: 0.06 | K32: 0.06 | L32: 0.06 | M32: =IFERROR(((I32*D30)+(J32*E30)+(K32*F30)+(L32*G30))/(D30+E30+F30+G30),0) -> 0.076809339 | N32: 0.06 | O32: 0.06 | P32: 0.06 | Q32: 0.06 | R32: =IFERROR(((N32*I30)+(O32*J30)+(P32*K30)+(Q32*L30))/(I30+J30+K30+L30),0) -> 0.06 | S32: 0.06 | T32: 0.06 | U32: 0.06 | V32: 0.06 | W32: =IFERROR(((S32*N30)+(T32*O30)+(U32*P30)+(V32*Q30))/(N30+O30+P30+Q30),0) -> 0.06
C33: M&A / Acquired | I33: =I31-I32-I34 -> 0.0012962963 | J33: 0 | K33: 0 | L33: 0 | M33: =IFERROR(((I33*D30)+(J33*E30)+(K33*F30)+(L33*G30))/(D30+E30+F30+G30),0) -> 0.00027237354 | N33: 0 | O33: 0 | P33: 0 | Q33: 0 | R33: =IFERROR(((N33*I30)+(O33*J30)+(P33*K30)+(Q33*L30))/(I30+J30+K30+L30),0) -> 0 | S33: 0 | T33: 0 | U33: 0 | V33: 0 | W33: =IFERROR(((S33*N30)+(T33*O30)+(U33*P30)+(V33*Q30))/(N30+O30+P30+Q30),0) -> 0
C34: FX | I34: 0.03 | J34: 0 | K34: 0 | L34: 0 | M34: =IFERROR(((I34*D30)+(J34*E30)+(K34*F30)+(L34*G30))/(D30+E30+F30+G30),0) -> 0.0063035019 | N34: 0 | O34: 0 | P34: 0 | Q34: 0 | R34: =IFERROR(((N34*I30)+(O34*J30)+(P34*K30)+(Q34*L30))/(I30+J30+K30+L30),0) -> 0 | S34: 0 | T34: 0 | U34: 0 | V34: 0 | W34: =IFERROR(((S34*N30)+(T34*O30)+(U34*P30)+(V34*Q30))/(N30+O30+P30+Q30),0) -> 0
A35: 10-Q / Deck | C35: ASD - Chemistry | D35: 124 | E35: 145 | F35: 151 | G35: 170 | H35: =D35+E35+F35+G35 -> 590 | I35: 144 | J35: =E35*(1+J37+J38+J39) -> 153.7 | K35: =F35*(1+K37+K38+K39) -> 160.06 | L35: =G35*(1+L37+L38+L39) -> 180.2 | M35: =I35+J35+K35+L35 -> 637.96 | N35: =I35*(1+N37+N38+N39) -> 152.64 | O35: =J35*(1+O37+O38+O39) -> 162.922 | P35: =K35*(1+P37+P38+P39) -> 169.6636 | Q35: =L35*(1+Q37+Q38+Q39) -> 191.012 | R35: =N35+O35+P35+Q35 -> 676.2376 | S35: =N35*(1+S37+S38+S39) -> 161.7984 | T35: =O35*(1+T37+T38+T39) -> 172.69732 | U35: =P35*(1+U37+U38+U39) -> 179.84342 | V35: =Q35*(1+V37+V38+V39) -> 202.47272 | W35: =S35+T35+U35+V35 -> 716.81186
C36: Reported Y/Y | I36: =IFERROR(I35/D35-1,0) -> 0.16129032 | J36: =J37+J38+J39 -> 0.06 | K36: =K37+K38+K39 -> 0.06 | L36: =L37+L38+L39 -> 0.06 | M36: =IFERROR(M35/H35-1,0) -> 0.081288136 | N36: =N37+N38+N39 -> 0.06 | O36: =O37+O38+O39 -> 0.06 | P36: =P37+P38+P39 -> 0.06 | Q36: =Q37+Q38+Q39 -> 0.06 | R36: =IFERROR(R35/M35-1,0) -> 0.06 | S36: =S37+S38+S39 -> 0.06 | T36: =T37+T38+T39 -> 0.06 | U36: =U37+U38+U39 -> 0.06 | V36: =V37+V38+V39 -> 0.06 | W36: =IFERROR(W35/R35-1,0) -> 0.06
C37: Organic | I37: 0.13 | J37: 0.06 | K37: 0.06 | L37: 0.06 | M37: =IFERROR(((I37*D35)+(J37*E35)+(K37*F35)+(L37*G35))/(D35+E35+F35+G35),0) -> 0.074711864 | N37: 0.06 | O37: 0.06 | P37: 0.06 | Q37: 0.06 | R37: =IFERROR(((N37*I35)+(O37*J35)+(P37*K35)+(Q37*L35))/(I35+J35+K35+L35),0) -> 0.06 | S37: 0.06 | T37: 0.06 | U37: 0.06 | V37: 0.06 | W37: =IFERROR(((S37*N35)+(T37*O35)+(U37*P35)+(V37*Q35))/(N35+O35+P35+Q35),0) -> 0.06
C38: M&A / Acquired | I38: =I36-I37-I39 -> 0.0012903226 | J38: 0 | K38: 0 | L38: 0 | M38: =IFERROR(((I38*D35)+(J38*E35)+(K38*F35)+(L38*G35))/(D35+E35+F35+G35),0) -> 0.00027118644 | N38: 0 | O38: 0 | P38: 0 | Q38: 0 | R38: =IFERROR(((N38*I35)+(O38*J35)+(P38*K35)+(Q38*L35))/(I35+J35+K35+L35),0) -> 0 | S38: 0 | T38: 0 | U38: 0 | V38: 0 | W38: =IFERROR(((S38*N35)+(T38*O35)+(U38*P35)+(V38*Q35))/(N35+O35+P35+Q35),0) -> 0
C39: FX | I39: 0.03 | J39: 0 | K39: 0 | L39: 0 | M39: =IFERROR(((I39*D35)+(J39*E35)+(K39*F35)+(L39*G35))/(D35+E35+F35+G35),0) -> 0.0063050847 | N39: 0 | O39: 0 | P39: 0 | Q39: 0 | R39: =IFERROR(((N39*I35)+(O39*J35)+(P39*K35)+(Q39*L35))/(I35+J35+K35+L35),0) -> 0 | S39: 0 | T39: 0 | U39: 0 | V39: 0 | W39: =IFERROR(((S39*N35)+(T39*O35)+(U39*P35)+(V39*Q35))/(N35+O35+P35+Q35),0) -> 0
C40: Analytical Sciences Division (ASD) — Total | D40: =D25+D30+D35 -> 534 | E40: =E25+E30+E35 -> 625 | F40: =F25+F30+F35 -> 650 | G40: =G25+G30+G35 -> 732 | H40: =H25+H30+H35 -> 2541 | I40: =I25+I30+I35 -> 607 | J40: =J25+J30+J35 -> 662.5 | K40: =K25+K30+K35 -> 689 | ... W40: =W25+W30+W35 -> 3072.3943
C41: Reported Y/Y | I41: =IFERROR(I40/D40-1,0) -> 0.13670412 | J41: =IFERROR(J40/E40-1,0) -> 0.06 | K41: =IFERROR(K40/F40-1,0) -> 0.06 | L41: =IFERROR(L40/G40-1,0) -> 0.06 | M41: =IFERROR(M40/H40-1,0) -> 0.076119638 | N41: =IFERROR(N40/I40-1,0) -> 0.06 | O41: =IFERROR(O40/J40-1,0) -> 0.06 | P41: =IFERROR(P40/K40-1,0) -> 0.06 | ... W41: =IFERROR(W40/R40-1,0) -> 0.06
C42: Organic | I42: =IFERROR(((I27*D25)+(I32*D30)+(I37*D35))/(D25+D30+D35),0) -> 0.11588015 | J42: =IFERROR(((J27*E25)+(J32*E30)+(J37*E35))/(E25+E30+E35),0) -> 0.06 | K42: =IFERROR(((K27*F25)+(K32*F30)+(K37*F35))/(F25+F30+F35),0) -> 0.06 | L42: =IFERROR(((L27*G25)+(L32*G30)+(L37*G35))/(G25+G30+G35),0) -> 0.06 | M42: =IFERROR(((I42*D40)+(J42*E40)+(K42*F40)+(L42*G40))/(D40+E40+F40+G40),0) -> 0.071743408 | N42: =IFERROR(((N27*I25)+(N32*I30)+(N37*I35))/(I25+I30+I35),0) -> 0.06 | O42: =IFERROR(((O27*J25)+(O32*J30)+(O37*J35))/(J25+J30+J35),0) -> 0.06 | P42: =IFERROR(((P27*K25)+(P32*K30)+(P37*K35))/(K25+K30+K35),0) -> 0.06 | Q42: =IFERROR(((Q27*L25)+(Q32*L30)+(Q37*L35))/(L25+L30+L35),0) -> 0.06 | R42: =IFERROR(((N42*I40)+(O42*J40)+(P42*K40)+(Q42*L40))/(I40+J40+K40+L40),0) -> 0.06 | S42: =IFERROR(((S27*N25)+(S32*N30)+(S37*N35))/(N25+N30+N35),0) -> 0.06 | T42: =IFERROR(((T27*O25)+(T32*O30)+(T37*O35))/(O25+O30+O35),0) -> 0.06 | U42: =IFERROR(((U27*P25)+(U32*P30)+(U37*P35))/(P25+P30+P35),0) -> 0.06 | V42: =IFERROR(((V27*Q25)+(V32*Q30)+(V37*Q35))/(Q25+Q30+Q35),0) -> 0.06 | W42: =IFERROR(((S42*N40)+(T42*O40)+(U42*P40)+(V42*Q40))/(N40+O40+P40+Q40),0) -> 0.06
C43: M&A / Acquired | I43: =IFERROR(((I28*D25)+(I33*D30)+(I38*D35))/(D25+D30+D35),0) -> 0.0017228464 | J43: =IFERROR(((J28*E25)+(J33*E30)+(J38*E35))/(E25+E30+E35),0) -> 0 | K43: =IFERROR(((K28*F25)+(K33*F30)+(K38*F35))/(F25+F30+F35),0) -> 0 | L43: =IFERROR(((L28*G25)+(L33*G30)+(L38*G35))/(G25+G30+G35),0) -> 0 | M43: =IFERROR(((I43*D40)+(J43*E40)+(K43*F40)+(L43*G40))/(D40+E40+F40+G40),0) -> 0.00036206218 | N43: =IFERROR(((N28*I25)+(N33*I30)+(N38*I35))/(I25+I30+I35),0) -> 0 | O43: =IFERROR(((O28*J25)+(O33*J30)+(O38*J35))/(J25+J30+J35),0) -> 0 | P43: =IFERROR(((P28*K25)+(P33*K30)+(P38*K35))/(K25+K30+K35),0) -> 0 | Q43: =IFERROR(((Q28*L25)+(Q33*L30)+(Q38*L35))/(L25+L30+L35),0) -> 0 | R43: =IFERROR(((N43*I40)+(O43*J40)+(P43*K40)+(Q43*L40))/(I40+J40+K40+L40),0) -> 0 | S43: =IFERROR(((S28*N25)+(S33*N30)+(S38*N35))/(N25+N30+N35),0) -> 0 | T43: =IFERROR(((T28*O25)+(T33*O30)+(T38*O35))/(O25+O30+O35),0) -> 0 | U43: =IFERROR(((U28*P25)+(U33*P30)+(U38*P35))/(P25+P30+P35),0) -> 0 | V43: =IFERROR(((V28*Q25)+(V33*Q30)+(V38*Q35))/(Q25+Q30+Q35),0) -> 0 | W43: =IFERROR(((S43*N40)+(T43*O40)+(U43*P40)+(V43*Q40))/(N40+O40+P40+Q40),0) -> 0
C44: FX | I44: =IFERROR(((I29*D25)+(I34*D30)+(I39*D35))/(D25+D30+D35),0) -> 0.019101124 | J44: =IFERROR(((J29*E25)+(J34*E30)+(J39*E35))/(E25+E30+E35),0) -> 0 | K44: =IFERROR(((K29*F25)+(K34*F30)+(K39*F35))/(F25+F30+F35),0) -> 0 | L44: =IFERROR(((L29*G25)+(L34*G30)+(L39*G35))/(G25+G30+G35),0) -> 0 | M44: =IFERROR(((I44*D40)+(J44*E40)+(K44*F40)+(L44*G40))/(D40+E40+F40+G40),0) -> 0.0040141677 | N44: =IFERROR(((N29*I25)+(N34*I30)+(N39*I35))/(I25+I30+I35),0) -> 0 | O44: =IFERROR(((O29*J25)+(O34*J30)+(O39*J35))/(J25+J30+J35),0) -> 0 | P44: =IFERROR(((P29*K25)+(P34*K30)+(P39*K35))/(K25+K30+K35),0) -> 0 | Q44: =IFERROR(((Q29*L25)+(Q34*L30)+(Q39*L35))/(L25+L30+L35),0) -> 0 | R44: =IFERROR(((N44*I40)+(O44*J40)+(P44*K40)+(Q44*L40))/(I40+J40+K40+L40),0) -> 0 | S44: =IFERROR(((S29*N25)+(S34*N30)+(S39*N35))/(N25+N30+N35),0) -> 0 | T44: =IFERROR(((T29*O25)+(T34*O30)+(T39*O35))/(O25+O30+O35),0) -> 0 | U44: =IFERROR(((U29*P25)+(U34*P30)+(U39*P35))/(P25+P30+P35),0) -> 0 | V44: =IFERROR(((V29*Q25)+(V34*Q30)+(V39*Q35))/(Q25+Q30+Q35),0) -> 0 | W44: =IFERROR(((S44*N40)+(T44*O40)+(U44*P40)+(V44*Q40))/(N40+O40+P40+Q40),0) -> 0
C46: Biosciences Division (WBD)
A47: BD-acquired | C47: WBD - Flow Research | D47: 198 | E47: 201 | F47: 218 | G47: 184 | H47: =D47+E47+F47+G47 -> 801 | I47: 131 | J47: =E47*(1+J49+J50+J51) -> 213.06 | K47: =F47*(1+K49+K50+K51) -> 231.08 | L47: =G47*(1+L49+L50+L51) -> 195.04 | M47: =I47+J47+K47+L47 -> 770.18 | N47: =I47*(1+N49+N50+N51) -> 204.36 | O47: =J47*(1+O49+O50+O51) -> 225.8436 | P47: =K47*(1+P49+P50+P51) -> 244.9448 | Q47: =L47*(1+Q49+Q50+Q51) -> 206.7424 | R47: =N47+O47+P47+Q47 -> 881.8908 | S47: =N47*(1+S49+S50+S51) -> 216.6216 | T47: =O47*(1+T49+T50+T51) -> 239.39422 | U47: =P47*(1+U49+U50+U51) -> 259.64149 | V47: =Q47*(1+V49+V50+V51) -> 219.14694 | W47: =S47+T47+U47+V47 -> 934.80425
C48: Reported Y/Y | I48: =IFERROR(I47/D47-1,0) -> -0.33838384 | J48: =J49+J50+J51 -> 0.06 | K48: =K49+K50+K51 -> 0.06 | L48: =L49+L50+L51 -> 0.06 | M48: =IFERROR(M47/H47-1,0) -> -0.038476904 | N48: =N49+N50+N51 -> 0.56 | O48: =O49+O50+O51 -> 0.06 | P48: =P49+P50+P51 -> 0.06 | Q48: =Q49+Q50+Q51 -> 0.06 | R48: =IFERROR(R47/M47-1,0) -> 0.14504505 | S48: =S49+S50+S51 -> 0.06 | T48: =T49+T50+T51 -> 0.06 | U48: =U49+U50+U51 -> 0.06 | V48: =V49+V50+V51 -> 0.06 | W48: =IFERROR(W47/R47-1,0) -> 0.06
C49: Organic | I49: 0.07 | J49: 0.06 | K49: 0.06 | L49: 0.06 | M49: =IFERROR(((I49*D47)+(J49*E47)+(K49*F47)+(L49*G47))/(D47+E47+F47+G47),0) -> 0.06247191 | N49: 0.06 | O49: 0.06 | P49: 0.06 | Q49: 0.06 | R49: =IFERROR(((N49*I47)+(O49*J47)+(P49*K47)+(Q49*L47))/(I47+J47+K47+L47),0) -> 0.06 | S49: 0.06 | T49: 0.06 | U49: 0.06 | V49: 0.06 | W49: =IFERROR(((S49*N47)+(T49*O47)+(U49*P47)+(V49*Q47))/(N47+O47+P47+Q47),0) -> 0.06
C50: M&A / Acquired | I50: =I48-I49-I51 -> -0.42838384 | J50: 0 | K50: 0 | L50: 0 | M50: =IFERROR(((I50*D47)+(J50*E47)+(K50*F47)+(L50*G47))/(D47+E47+F47+G47),0) -> -0.10589263 | N50: 0.5 | O50: 0 | P50: 0 | Q50: 0 | R50: =IFERROR(((N50*I47)+(O50*J47)+(P50*K47)+(Q50*L47))/(I47+J47+K47+L47),0) -> 0.085045054 | S50: 0 | T50: 0 | U50: 0 | V50: 0 | W50: =IFERROR(((S50*N47)+(T50*O47)+(U50*P47)+(V50*Q47))/(N47+O47+P47+Q47),0) -> 0
C51: FX | I51: 0.02 | J51: 0 | K51: 0 | L51: 0 | M51: =IFERROR(((I51*D47)+(J51*E47)+(K51*F47)+(L51*G47))/(D47+E47+F47+G47),0) -> 0.0049438202 | N51: 0 | O51: 0 | P51: 0 | Q51: 0 | R51: =IFERROR(((N51*I47)+(O51*J47)+(P51*K47)+(Q51*L47))/(I47+J47+K47+L47),0) -> 0 | S51: 0 | T51: 0 | U51: 0 | V51: 0 | W51: =IFERROR(((S51*N47)+(T51*O47)+(U51*P47)+(V51*Q47))/(N47+O47+P47+Q47),0) -> 0
A52: BD-acquired | C52: WBD - Flow Clinical | D52: 154 | E52: 157 | F52: 169 | G52: 143 | H52: =D52+E52+F52+G52 -> 623 | I52: 102 | J52: =E52*(1+J54+J55+J56) -> 166.42 | K52: =F52*(1+K54+K55+K56) -> 179.14 | L52: =G52*(1+L54+L55+L56) -> 151.58 | M52: =I52+J52+K52+L52 -> 599.14 | N52: =I52*(1+N54+N55+N56) -> 159.12 | O52: =J52*(1+O54+O55+O56) -> 176.4052 | P52: =K52*(1+P54+P55+P56) -> 189.8884 | Q52: =L52*(1+Q54+Q55+Q56) -> 160.6748 | R52: =N52+O52+P52+Q52 -> 686.0884 | S52: =N52*(1+S54+S55+S56) -> 168.6672 | T52: =O52*(1+T54+T55+T56) -> 186.98951 | U52: =P52*(1+U54+U55+U56) -> 201.2817 | V52: =Q52*(1+V54+V55+V56) -> 170.31529 | W52: =S52+T52+U52+V52 -> 727.2537
C53: Reported Y/Y | I53: =IFERROR(I52/D52-1,0) -> -0.33766234 | J53: =J54+J55+J56 -> 0.06 | K53: =K54+K55+K56 -> 0.06 | L53: =L54+L55+L56 -> 0.06 | M53: =IFERROR(M52/H52-1,0) -> -0.038298555 | N53: =N54+N55+N56 -> 0.56 | O53: =O54+O55+O56 -> 0.06 | P53: =P54+P55+P56 -> 0.06 | Q53: =Q54+Q55+Q56 -> 0.06 | R53: =IFERROR(R52/M52-1,0) -> 0.14512201 | S53: =S54+S55+S56 -> 0.06 | T53: =T54+T55+T56 -> 0.06 | U53: =U54+U55+U56 -> 0.06 | V53: =V54+V55+V56 -> 0.06 | W53: =IFERROR(W52/R52-1,0) -> 0.06
C54: Organic | I54: 0.07 | J54: 0.06 | K54: 0.06 | L54: 0.06 | M54: =IFERROR(((I54*D52)+(J54*E52)+(K54*F52)+(L54*G52))/(D52+E52+F52+G52),0) -> 0.06247191 | N54: 0.06 | O54: 0.06 | P54: 0.06 | Q54: 0.06 | R54: =IFERROR(((N54*I52)+(O54*J52)+(P54*K52)+(Q54*L52))/(I52+J52+K52+L52),0) -> 0.06 | S54: 0.06 | T54: 0.06 | U54: 0.06 | V54: 0.06 | W54: =IFERROR(((S54*N52)+(T54*O52)+(U54*P52)+(V54*Q52))/(N52+O52+P52+Q52),0) -> 0.06
C55: M&A / Acquired | I55: =I53-I54-I56 -> -0.42766234 | J55: 0 | K55: 0 | L55: 0 | M55: =IFERROR(((I55*D52)+(J55*E52)+(K55*F52)+(L55*G52))/(D52+E52+F52+G52),0) -> -0.10571429 | N55: 0.5 | O55: 0 | P55: 0 | Q55: 0 | R55: =IFERROR(((N55*I52)+(O55*J52)+(P55*K52)+(Q55*L52))/(I52+J52+K52+L52),0) -> 0.085122008 | S55: 0 | T55: 0 | U55: 0 | V55: 0 | W55: =IFERROR(((S55*N52)+(T55*O52)+(U55*P52)+(V55*Q52))/(N52+O52+P52+Q52),0) -> 0
C56: FX | I56: 0.02 | J56: 0 | K56: 0 | L56: 0 | M56: =IFERROR(((I56*D52)+(J56*E52)+(K56*F52)+(L56*G52))/(D52+E52+F52+G52),0) -> 0.0049438202 | N56: 0 | O56: 0 | P56: 0 | Q56: 0 | R56: =IFERROR(((N56*I52)+(O56*J52)+(P56*K52)+(Q56*L52))/(I52+J52+K52+L52),0) -> 0 | S56: 0 | T56: 0 | U56: 0 | V56: 0 | W56: =IFERROR(((S56*N52)+(T56*O52)+(U56*P52)+(V56*Q52))/(N52+O52+P52+Q52),0) -> 0
C57: Biosciences Division (WBD) — Total | D57: =D47+D52 -> 352 | E57: =E47+E52 -> 358 | F57: =F47+F52 -> 387 | G57: =G47+G52 -> 327 | H57: =H47+H52 -> 1424 | I57: =I47+I52 -> 233 | J57: =J47+J52 -> 379.48 | K57: =K47+K52 -> 410.22 | ... W57: =W47+W52 -> 1662.058
C58: Reported Y/Y | I58: =IFERROR(I57/D57-1,0) -> -0.33806818 | J58: =IFERROR(J57/E57-1,0) -> 0.06 | K58: =IFERROR(K57/F57-1,0) -> 0.06 | L58: =IFERROR(L57/G57-1,0) -> 0.06 | M58: =IFERROR(M57/H57-1,0) -> -0.038398876 | N58: =IFERROR(N57/I57-1,0) -> 0.56 | O58: =IFERROR(O57/J57-1,0) -> 0.06 | P58: =IFERROR(P57/K57-1,0) -> 0.06 | ... W58: =IFERROR(W57/R57-1,0) -> 0.06
C59: Organic | I59: =IFERROR(((I49*D47)+(I54*D52))/(D47+D52),0) -> 0.07 | J59: =IFERROR(((J49*E47)+(J54*E52))/(E47+E52),0) -> 0.06 | K59: =IFERROR(((K49*F47)+(K54*F52))/(F47+F52),0) -> 0.06 | L59: =IFERROR(((L49*G47)+(L54*G52))/(G47+G52),0) -> 0.06 | M59: =IFERROR(((I59*D57)+(J59*E57)+(K59*F57)+(L59*G57))/(D57+E57+F57+G57),0) -> 0.06247191 | N59: =IFERROR(((N49*I47)+(N54*I52))/(I47+I52),0) -> 0.06 | O59: =IFERROR(((O49*J47)+(O54*J52))/(J47+J52),0) -> 0.06 | P59: =IFERROR(((P49*K47)+(P54*K52))/(K47+K52),0) -> 0.06 | Q59: =IFERROR(((Q49*L47)+(Q54*L52))/(L47+L52),0) -> 0.06 | R59: =IFERROR(((N59*I57)+(O59*J57)+(P59*K57)+(Q59*L57))/(I57+J57+K57+L57),0) -> 0.06 | S59: =IFERROR(((S49*N47)+(S54*N52))/(N47+N52),0) -> 0.06 | T59: =IFERROR(((T49*O47)+(T54*O52))/(O47+O52),0) -> 0.06 | U59: =IFERROR(((U49*P47)+(U54*P52))/(P47+P52),0) -> 0.06 | V59: =IFERROR(((V49*Q47)+(V54*Q52))/(Q47+Q52),0) -> 0.06 | W59: =IFERROR(((S59*N57)+(T59*O57)+(U59*P57)+(V59*Q57))/(N57+O57+P57+Q57),0) -> 0.06
C60: M&A / Acquired | I60: =IFERROR(((I50*D47)+(I55*D52))/(D47+D52),0) -> -0.42806818 | J60: =IFERROR(((J50*E47)+(J55*E52))/(E47+E52),0) -> 0 | K60: =IFERROR(((K50*F47)+(K55*F52))/(F47+F52),0) -> 0 | L60: =IFERROR(((L50*G47)+(L55*G52))/(G47+G52),0) -> 0 | M60: =IFERROR(((I60*D57)+(J60*E57)+(K60*F57)+(L60*G57))/(D57+E57+F57+G57),0) -> -0.10581461 | N60: =IFERROR(((N50*I47)+(N55*I52))/(I47+I52),0) -> 0.5 | O60: =IFERROR(((O50*J47)+(O55*J52))/(J47+J52),0) -> 0 | P60: =IFERROR(((P50*K47)+(P55*K52))/(K47+K52),0) -> 0 | Q60: =IFERROR(((Q50*L47)+(Q55*L52))/(L47+L52),0) -> 0 | R60: =IFERROR(((N60*I57)+(O60*J57)+(P60*K57)+(Q60*L57))/(I57+J57+K57+L57),0) -> 0.085078725 | S60: =IFERROR(((S50*N47)+(S55*N52))/(N47+N52),0) -> 0 | T60: =IFERROR(((T50*O47)+(T55*O52))/(O47+O52),0) -> 0 | U60: =IFERROR(((U50*P47)+(U55*P52))/(P47+P52),0) -> 0 | V60: =IFERROR(((V50*Q47)+(V55*Q52))/(Q47+Q52),0) -> 0 | W60: =IFERROR(((S60*N57)+(T60*O57)+(U60*P57)+(V60*Q57))/(N57+O57+P57+Q57),0) -> 0
C61: FX | I61: =IFERROR(((I51*D47)+(I56*D52))/(D47+D52),0) -> 0.02 | J61: =IFERROR(((J51*E47)+(J56*E52))/(E47+E52),0) -> 0 | K61: =IFERROR(((K51*F47)+(K56*F52))/(F47+F52),0) -> 0 | L61: =IFERROR(((L51*G47)+(L56*G52))/(G47+G52),0) -> 0 | M61: =IFERROR(((I61*D57)+(J61*E57)+(K61*F57)+(L61*G57))/(D57+E57+F57+G57),0) -> 0.0049438202 | N61: =IFERROR(((N51*I47)+(N56*I52))/(I47+I52),0) -> 0 | O61: =IFERROR(((O51*J47)+(O56*J52))/(J47+J52),0) -> 0 | P61: =IFERROR(((P51*K47)+(P56*K52))/(K47+K52),0) -> 0 | Q61: =IFERROR(((Q51*L47)+(Q56*L52))/(L47+L52),0) -> 0 | R61: =IFERROR(((N61*I57)+(O61*J57)+(P61*K57)+(Q61*L57))/(I57+J57+K57+L57),0) -> 0 | S61: =IFERROR(((S51*N47)+(S56*N52))/(N47+N52),0) -> 0 | T61: =IFERROR(((T51*O47)+(T56*O52))/(O47+O52),0) -> 0 | U61: =IFERROR(((U51*P47)+(U56*P52))/(P47+P52),0) -> 0 | V61: =IFERROR(((V51*Q47)+(V56*Q52))/(Q47+Q52),0) -> 0 | W61: =IFERROR(((S61*N57)+(T61*O57)+(U61*P57)+(V61*Q57))/(N57+O57+P57+Q57),0) -> 0
C63: Advanced Diagnostics Division (ADX)
A64: 10-Q / Deck | C64: ADX - MSDx | D64: 54 | E64: 63 | F64: 64 | G64: 93 | H64: =D64+E64+F64+G64 -> 274 | I64: 61 | J64: =E64*(1+J66+J67+J68) -> 66.78 | K64: =F64*(1+K66+K67+K68) -> 67.84 | L64: =G64*(1+L66+L67+L68) -> 98.58 | M64: =I64+J64+K64+L64 -> 294.2 | N64: =I64*(1+N66+N67+N68) -> 64.66 | O64: =J64*(1+O66+O67+O68) -> 70.7868 | P64: =K64*(1+P66+P67+P68) -> 71.9104 | Q64: =L64*(1+Q66+Q67+Q68) -> 104.4948 | R64: =N64+O64+P64+Q64 -> 311.852 | S64: =N64*(1+S66+S67+S68) -> 68.5396 | T64: =O64*(1+T66+T67+T68) -> 75.034008 | U64: =P64*(1+U66+U67+U68) -> 76.225024 | V64: =Q64*(1+V66+V67+V68) -> 110.76449 | W64: =S64+T64+U64+V64 -> 330.56312
C65: Reported Y/Y | I65: =IFERROR(I64/D64-1,0) -> 0.12962963 | J65: =J66+J67+J68 -> 0.06 | K65: =K66+K67+K68 -> 0.06 | L65: =L66+L67+L68 -> 0.06 | M65: =IFERROR(M64/H64-1,0) -> 0.073722628 | N65: =N66+N67+N68 -> 0.06 | O65: =O66+O67+O68 -> 0.06 | P65: =P66+P67+P68 -> 0.06 | Q65: =Q66+Q67+Q68 -> 0.06 | R65: =IFERROR(R64/M64-1,0) -> 0.06 | S65: =S66+S67+S68 -> 0.06 | T65: =T66+T67+T68 -> 0.06 | U65: =U66+U67+U68 -> 0.06 | V65: =V66+V67+V68 -> 0.06 | W65: =IFERROR(W64/R64-1,0) -> 0.06
C66: Organic | I66: 0.14 | J66: 0.06 | K66: 0.06 | L66: 0.06 | M66: =IFERROR(((I66*D64)+(J66*E64)+(K66*F64)+(L66*G64))/(D64+E64+F64+G64),0) -> 0.075766423 | N66: 0.06 | O66: 0.06 | P66: 0.06 | Q66: 0.06 | R66: =IFERROR(((N66*I64)+(O66*J64)+(P66*K64)+(Q66*L64))/(I64+J64+K64+L64),0) -> 0.06 | S66: 0.06 | T66: 0.06 | U66: 0.06 | V66: 0.06 | W66: =IFERROR(((S66*N64)+(T66*O64)+(U66*P64)+(V66*Q64))/(N64+O64+P64+Q64),0) -> 0.06
C67: M&A / Acquired | I67: =I65-I66-I68 -> -0.03037037 | J67: 0 | K67: 0 | L67: 0 | M67: =IFERROR(((I67*D64)+(J67*E64)+(K67*F64)+(L67*G64))/(D64+E64+F64+G64),0) -> -0.0059854015 | N67: 0 | O67: 0 | P67: 0 | Q67: 0 | R67: =IFERROR(((N67*I64)+(O67*J64)+(P67*K64)+(Q67*L64))/(I64+J64+K64+L64),0) -> 0 | S67: 0 | T67: 0 | U67: 0 | V67: 0 | W67: =IFERROR(((S67*N64)+(T67*O64)+(U67*P64)+(V67*Q64))/(N64+O64+P64+Q64),0) -> 0
C68: FX | I68: 0.02 | J68: 0 | K68: 0 | L68: 0 | M68: =IFERROR(((I68*D64)+(J68*E64)+(K68*F64)+(L68*G64))/(D64+E64+F64+G64),0) -> 0.0039416058 | N68: 0 | O68: 0 | P68: 0 | Q68: 0 | R68: =IFERROR(((N68*I64)+(O68*J64)+(P68*K64)+(Q68*L64))/(I64+J64+K64+L64),0) -> 0 | S68: 0 | T68: 0 | U68: 0 | V68: 0 | W68: =IFERROR(((S68*N64)+(T68*O64)+(U68*P64)+(V68*Q64))/(N64+O64+P64+Q64),0) -> 0
A69: BD-acquired | C69: ADX - MDx & PoC | D69: 135 | E69: 130 | F69: 153 | G69: 135 | H69: =D69+E69+F69+G69 -> 553 | I69: 84 | J69: =E69*(1+J71+J72+J73) -> 137.8 | K69: =F69*(1+K71+K72+K73) -> 162.18 | L69: =G69*(1+L71+L72+L73) -> 143.1 | M69: =I69+J69+K69+L69 -> 527.08 | N69: =I69*(1+N71+N72+N73) -> 131.04 | O69: =J69*(1+O71+O72+O73) -> 146.068 | P69: =K69*(1+P71+P72+P73) -> 171.9108 | Q69: =L69*(1+Q71+Q72+Q73) -> 151.686 | R69: =N69+O69+P69+Q69 -> 600.7048 | S69: =N69*(1+S71+S72+S73) -> 138.9024 | T69: =O69*(1+T71+T72+T73) -> 154.83208 | U69: =P69*(1+U71+U72+U73) -> 182.22545 | V69: =Q69*(1+V71+V72+V73) -> 160.78716 | W69: =S69+T69+U69+V69 -> 636.74709
C70: Reported Y/Y | I70: =IFERROR(I69/D69-1,0) -> -0.37777778 | J70: =J71+J72+J73 -> 0.06 | K70: =K71+K72+K73 -> 0.06 | L70: =L71+L72+L73 -> 0.06 | M70: =IFERROR(M69/H69-1,0) -> -0.046871609 | N70: =N71+N72+N73 -> 0.56 | O70: =O71+O72+O73 -> 0.06 | P70: =P71+P72+P73 -> 0.06 | Q70: =Q71+Q72+Q73 -> 0.06 | R70: =IFERROR(R69/M69-1,0) -> 0.1396843 | S70: =S71+S72+S73 -> 0.06 | T70: =T71+T72+T73 -> 0.06 | U70: =U71+U72+U73 -> 0.06 | V70: =V71+V72+V73 -> 0.06 | W70: =IFERROR(W69/R69-1,0) -> 0.06
C71: Organic | I71: 0.03 | J71: 0.06 | K71: 0.06 | L71: 0.06 | M71: =IFERROR(((I71*D69)+(J71*E69)+(K71*F69)+(L71*G69))/(D69+E69+F69+G69),0) -> 0.052676311 | N71: 0.06 | O71: 0.06 | P71: 0.06 | Q71: 0.06 | R71: =IFERROR(((N71*I69)+(O71*J69)+(P71*K69)+(Q71*L69))/(I69+J69+K69+L69),0) -> 0.06 | S71: 0.06 | T71: 0.06 | U71: 0.06 | V71: 0.06 | W71: =IFERROR(((S71*N69)+(T71*O69)+(U71*P69)+(V71*Q69))/(N69+O69+P69+Q69),0) -> 0.06
C72: M&A / Acquired | I72: =I70-I71-I73 -> -0.42777778 | J72: 0 | K72: 0 | L72: 0 | M72: =IFERROR(((I72*D69)+(J72*E69)+(K72*F69)+(L72*G69))/(D69+E69+F69+G69),0) -> -0.10443038 | N72: 0.5 | O72: 0 | P72: 0 | Q72: 0 | R72: =IFERROR(((N72*I69)+(O72*J69)+(P72*K69)+(Q72*L69))/(I69+J69+K69+L69),0) -> 0.079684298 | S72: 0 | T72: 0 | U72: 0 | V72: 0 | W72: =IFERROR(((S72*N69)+(T72*O69)+(U72*P69)+(V72*Q69))/(N69+O69+P69+Q69),0) -> 0
C73: FX | I73: 0.02 | J73: 0 | K73: 0 | L73: 0 | M73: =IFERROR(((I73*D69)+(J73*E69)+(K73*F69)+(L73*G69))/(D69+E69+F69+G69),0) -> 0.0048824593 | N73: 0 | O73: 0 | P73: 0 | Q73: 0 | R73: =IFERROR(((N73*I69)+(O73*J69)+(P73*K69)+(Q73*L69))/(I69+J69+K69+L69),0) -> 0 | S73: 0 | T73: 0 | U73: 0 | V73: 0 | W73: =IFERROR(((S73*N69)+(T73*O69)+(U73*P69)+(V73*Q69))/(N69+O69+P69+Q69),0) -> 0
A74: BD-acquired | C74: ADX - Microbiology | D74: 305 | E74: 295 | F74: 345 | G74: 304 | H74: =D74+E74+F74+G74 -> 1249 | I74: 203 | J74: =E74*(1+J76+J77+J78) -> 312.7 | K74: =F74*(1+K76+K77+K78) -> 365.7 | L74: =G74*(1+L76+L77+L78) -> 322.24 | M74: =I74+J74+K74+L74 -> 1203.64 | N74: =I74*(1+N76+N77+N78) -> 316.68 | O74: =J74*(1+O76+O77+O78) -> 331.462 | P74: =K74*(1+P76+P77+P78) -> 387.642 | Q74: =L74*(1+Q76+Q77+Q78) -> 341.5744 | R74: =N74+O74+P74+Q74 -> 1377.3584 | S74: =N74*(1+S76+S77+S78) -> 335.6808 | T74: =O74*(1+T76+T77+T78) -> 351.34972 | U74: =P74*(1+U76+U77+U78) -> 410.90052 | V74: =Q74*(1+V76+V77+V78) -> 362.06886 | W74: =S74+T74+U74+V74 -> 1459.9999
C75: Reported Y/Y | I75: =IFERROR(I74/D74-1,0) -> -0.33442623 | J75: =J76+J77+J78 -> 0.06 | K75: =K76+K77+K78 -> 0.06 | L75: =L76+L77+L78 -> 0.06 | M75: =IFERROR(M74/H74-1,0) -> -0.036317054 | N75: =N76+N77+N78 -> 0.56 | O75: =O76+O77+O78 -> 0.06 | P75: =P76+P77+P78 -> 0.06 | Q75: =Q76+Q77+Q78 -> 0.06 | R75: =IFERROR(R74/M74-1,0) -> 0.14432754 | S75: =S76+S77+S78 -> 0.06 | T75: =T76+T77+T78 -> 0.06 | U75: =U76+U77+U78 -> 0.06 | V75: =V76+V77+V78 -> 0.06 | W75: =IFERROR(W74/R74-1,0) -> 0.06
C76: Organic | I76: 0.1 | J76: 0.06 | K76: 0.06 | L76: 0.06 | M76: =IFERROR(((I76*D74)+(J76*E74)+(K76*F74)+(L76*G74))/(D74+E74+F74+G74),0) -> 0.069767814 | N76: 0.06 | O76: 0.06 | P76: 0.06 | Q76: 0.06 | R76: =IFERROR(((N76*I74)+(O76*J74)+(P76*K74)+(Q76*L74))/(I74+J74+K74+L74),0) -> 0.06 | S76: 0.06 | T76: 0.06 | U76: 0.06 | V76: 0.06 | W76: =IFERROR(((S76*N74)+(T76*O74)+(U76*P74)+(V76*Q74))/(N74+O74+P74+Q74),0) -> 0.06
C77: M&A / Acquired | I77: =I75-I76-I78 -> -0.45442623 | J77: 0 | K77: 0 | L77: 0 | M77: =IFERROR(((I77*D74)+(J77*E74)+(K77*F74)+(L77*G74))/(D74+E74+F74+G74),0) -> -0.11096878 | N77: 0.5 | O77: 0 | P77: 0 | Q77: 0 | R77: =IFERROR(((N77*I74)+(O77*J74)+(P77*K74)+(Q77*L74))/(I74+J74+K74+L74),0) -> 0.08432754 | S77: 0 | T77: 0 | U77: 0 | V77: 0 | W77: =IFERROR(((S77*N74)+(T77*O74)+(U77*P74)+(V77*Q74))/(N74+O74+P74+Q74),0) -> 0
C78: FX | I78: 0.02 | J78: 0 | K78: 0 | L78: 0 | M78: =IFERROR(((I78*D74)+(J78*E74)+(K78*F74)+(L78*G74))/(D74+E74+F74+G74),0) -> 0.0048839071 | N78: 0 | O78: 0 | P78: 0 | Q78: 0 | R78: =IFERROR(((N78*I74)+(O78*J74)+(P78*K74)+(Q78*L74))/(I74+J74+K74+L74),0) -> 0 | S78: 0 | T78: 0 | U78: 0 | V78: 0 | W78: =IFERROR(((S78*N74)+(T78*O74)+(U78*P74)+(V78*Q74))/(N74+O74+P74+Q74),0) -> 0
C79: Advanced Diagnostics Division (ADX) — Total | D79: =D64+D69+D74 -> 494 | E79: =E64+E69+E74 -> 488 | F79: =F64+F69+F74 -> 562 | G79: =G64+G69+G74 -> 532 | H79: =H64+H69+H74 -> 2076 | I79: =I64+I69+I74 -> 348 | J79: =J64+J69+J74 -> 517.28 | K79: =K64+K69+K74 -> 595.72 | ... W79: =W64+W69+W74 -> 2427.3101
C80: Reported Y/Y | I80: =IFERROR(I79/D79-1,0) -> -0.29554656 | J80: =IFERROR(J79/E79-1,0) -> 0.06 | K80: =IFERROR(K79/F79-1,0) -> 0.06 | L80: =IFERROR(L79/G79-1,0) -> 0.06 | M80: =IFERROR(M79/H79-1,0) -> -0.02460501 | N80: =IFERROR(N79/I79-1,0) -> 0.47235632 | O80: =IFERROR(O79/J79-1,0) -> 0.06 | P80: =IFERROR(P79/K79-1,0) -> 0.06 | ... W80: =IFERROR(W79/R79-1,0) -> 0.06
C81: Organic | I81: =IFERROR(((I66*D64)+(I71*D69)+(I76*D74))/(D64+D69+D74),0) -> 0.085242915 | J81: =IFERROR(((J66*E64)+(J71*E69)+(J76*E74))/(E64+E69+E74),0) -> 0.06 | K81: =IFERROR(((K66*F64)+(K71*F69)+(K76*F74))/(F64+F69+F74),0) -> 0.06 | L81: =IFERROR(((L66*G64)+(L71*G69)+(L76*G74))/(G64+G69+G74),0) -> 0.06 | M81: =IFERROR(((I81*D79)+(J81*E79)+(K81*F79)+(L81*G79))/(D79+E79+F79+G79),0) -> 0.066006744 | N81: =IFERROR(((N66*I64)+(N71*I69)+(N76*I74))/(I64+I69+I74),0) -> 0.06 | O81: =IFERROR(((O66*J64)+(O71*J69)+(O76*J74))/(J64+J69+J74),0) -> 0.06 | P81: =IFERROR(((P66*K64)+(P71*K69)+(P76*K74))/(K64+K69+K74),0) -> 0.06 | Q81: =IFERROR(((Q66*L64)+(Q71*L69)+(Q76*L74))/(L64+L69+L74),0) -> 0.06 | R81: =IFERROR(((N81*I79)+(O81*J79)+(P81*K79)+(Q81*L79))/(I79+J79+K79+L79),0) -> 0.06 | S81: =IFERROR(((S66*N64)+(S71*N69)+(S76*N74))/(N64+N69+N74),0) -> 0.06 | T81: =IFERROR(((T66*O64)+(T71*O69)+(T76*O74))/(O64+O69+O74),0) -> 0.06 | U81: =IFERROR(((U66*P64)+(U71*P69)+(U76*P74))/(P64+P69+P74),0) -> 0.06 | V81: =IFERROR(((V66*Q64)+(V71*Q69)+(V76*Q74))/(Q64+Q69+Q74),0) -> 0.06 | W81: =IFERROR(((S81*N79)+(T81*O79)+(U81*P79)+(V81*Q79))/(N79+O79+P79+Q79),0) -> 0.06
C82: M&A / Acquired | I82: =IFERROR(((I67*D64)+(I72*D69)+(I77*D74))/(D64+D69+D74),0) -> -0.40078947 | J82: =IFERROR(((J67*E64)+(J72*E69)+(J77*E74))/(E64+E69+E74),0) -> 0 | K82: =IFERROR(((K67*F64)+(K72*F69)+(K77*F74))/(F64+F69+F74),0) -> 0 | L82: =IFERROR(((L67*G64)+(L72*G69)+(L77*G74))/(G64+G69+G74),0) -> 0 | M82: =IFERROR(((I82*D79)+(J82*E79)+(K82*F79)+(L82*G79))/(D79+E79+F79+G79),0) -> -0.095370906 | N82: =IFERROR(((N67*I64)+(N72*I69)+(N77*I74))/(I64+I69+I74),0) -> 0.41235632 | O82: =IFERROR(((O67*J64)+(O72*J69)+(O77*J74))/(J64+J69+J74),0) -> 0 | P82: =IFERROR(((P67*K64)+(P72*K69)+(P77*K74))/(K64+K69+K74),0) -> 0 | Q82: =IFERROR(((Q67*L64)+(Q72*L69)+(Q77*L74))/(L64+L69+L74),0) -> 0 | R82: =IFERROR(((N82*I79)+(O82*J79)+(P82*K79)+(Q82*L79))/(I79+J79+K79+L79),0) -> 0.070866997 | S82: =IFERROR(((S67*N64)+(S72*N69)+(S77*N74))/(N64+N69+N74),0) -> 0 | T82: =IFERROR(((T67*O64)+(T72*O69)+(T77*O74))/(O64+O69+O74),0) -> 0 | U82: =IFERROR(((U67*P64)+(U72*P69)+(U77*P74))/(P64+P69+P74),0) -> 0 | V82: =IFERROR(((V67*Q64)+(V72*Q69)+(V77*Q74))/(Q64+Q69+Q74),0) -> 0 | W82: =IFERROR(((S82*N79)+(T82*O79)+(U82*P79)+(V82*Q79))/(N79+O79+P79+Q79),0) -> 0
C83: FX | I83: =IFERROR(((I68*D64)+(I73*D69)+(I78*D74))/(D64+D69+D74),0) -> 0.02 | J83: =IFERROR(((J68*E64)+(J73*E69)+(J78*E74))/(E64+E69+E74),0) -> 0 | K83: =IFERROR(((K68*F64)+(K73*F69)+(K78*F74))/(F64+F69+F74),0) -> 0 | L83: =IFERROR(((L68*G64)+(L73*G69)+(L78*G74))/(G64+G69+G74),0) -> 0 | M83: =IFERROR(((I83*D79)+(J83*E79)+(K83*F79)+(L83*G79))/(D79+E79+F79+G79),0) -> 0.0047591522 | N83: =IFERROR(((N68*I64)+(N73*I69)+(N78*I74))/(I64+I69+I74),0) -> 0 | O83: =IFERROR(((O68*J64)+(O73*J69)+(O78*J74))/(J64+J69+J74),0) -> 0 | P83: =IFERROR(((P68*K64)+(P73*K69)+(P78*K74))/(K64+K69+K74),0) -> 0 | Q83: =IFERROR(((Q68*L64)+(Q73*L69)+(Q78*L74))/(L64+L69+L74),0) -> 0 | R83: =IFERROR(((N83*I79)+(O83*J79)+(P83*K79)+(Q83*L79))/(I79+J79+K79+L79),0) -> 0 | S83: =IFERROR(((S68*N64)+(S73*N69)+(S78*N74))/(N64+N69+N74),0) -> 0 | T83: =IFERROR(((T68*O64)+(T73*O69)+(T78*O74))/(O64+O69+O74),0) -> 0 | U83: =IFERROR(((U68*P64)+(U73*P69)+(U78*P74))/(P64+P69+P74),0) -> 0 | V83: =IFERROR(((V68*Q64)+(V73*Q69)+(V78*Q74))/(Q64+Q69+Q74),0) -> 0 | W83: =IFERROR(((S83*N79)+(T83*O79)+(U83*P79)+(V83*Q79))/(N79+O79+P79+Q79),0) -> 0
C85: Materials Sciences Division (MSD)
A86: 10-Q / Deck | C86: MSD - Instruments | D86: 51 | E86: 56 | F86: 59 | G86: 73 | H86: =D86+E86+F86+G86 -> 239 | I86: 52 | J86: =E86*(1+J88+J89+J90) -> 59.36 | K86: =F86*(1+K88+K89+K90) -> 62.54 | L86: =G86*(1+L88+L89+L90) -> 77.38 | M86: =I86+J86+K86+L86 -> 251.28 | N86: =I86*(1+N88+N89+N90) -> 55.12 | O86: =J86*(1+O88+O89+O90) -> 62.9216 | P86: =K86*(1+P88+P89+P90) -> 66.2924 | Q86: =L86*(1+Q88+Q89+Q90) -> 82.0228 | R86: =N86+O86+P86+Q86 -> 266.3568 | S86: =N86*(1+S88+S89+S90) -> 58.4272 | T86: =O86*(1+T88+T89+T90) -> 66.696896 | U86: =P86*(1+U88+U89+U90) -> 70.269944 | V86: =Q86*(1+V88+V89+V90) -> 86.944168 | W86: =S86+T86+U86+V86 -> 282.33821
C87: Reported Y/Y | I87: =IFERROR(I86/D86-1,0) -> 0.019607843 | J87: =J88+J89+J90 -> 0.06 | K87: =K88+K89+K90 -> 0.06 | L87: =L88+L89+L90 -> 0.06 | M87: =IFERROR(M86/H86-1,0) -> 0.051380753 | N87: =N88+N89+N90 -> 0.06 | O87: =O88+O89+O90 -> 0.06 | P87: =P88+P89+P90 -> 0.06 | Q87: =Q88+Q89+Q90 -> 0.06 | R87: =IFERROR(R86/M86-1,0) -> 0.06 | S87: =S88+S89+S90 -> 0.06 | T87: =T88+T89+T90 -> 0.06 | U87: =U88+U89+U90 -> 0.06 | V87: =V88+V89+V90 -> 0.06 | W87: =IFERROR(W86/R86-1,0) -> 0.06
C88: Organic | I88: -0.02 | J88: 0.06 | K88: 0.06 | L88: 0.06 | M88: =IFERROR(((I88*D86)+(J88*E86)+(K88*F86)+(L88*G86))/(D86+E86+F86+G86),0) -> 0.04292887 | N88: 0.06 | O88: 0.06 | P88: 0.06 | Q88: 0.06 | R88: =IFERROR(((N88*I86)+(O88*J86)+(P88*K86)+(Q88*L86))/(I86+J86+K86+L86),0) -> 0.06 | S88: 0.06 | T88: 0.06 | U88: 0.06 | V88: 0.06 | W88: =IFERROR(((S88*N86)+(T88*O86)+(U88*P86)+(V88*Q86))/(N86+O86+P86+Q86),0) -> 0.06
C89: M&A / Acquired | I89: =I87-I88-I90 -> -0.00039215686 | J89: 0 | K89: 0 | L89: 0 | M89: =IFERROR(((I89*D86)+(J89*E86)+(K89*F86)+(L89*G86))/(D86+E86+F86+G86),0) -> -8.3682008e-05 | N89: 0 | O89: 0 | P89: 0 | Q89: 0 | R89: =IFERROR(((N89*I86)+(O89*J86)+(P89*K86)+(Q89*L86))/(I86+J86+K86+L86),0) -> 0 | S89: 0 | T89: 0 | U89: 0 | V89: 0 | W89: =IFERROR(((S89*N86)+(T89*O86)+(U89*P86)+(V89*Q86))/(N86+O86+P86+Q86),0) -> 0
C90: FX | I90: 0.04 | J90: 0 | K90: 0 | L90: 0 | M90: =IFERROR(((I90*D86)+(J90*E86)+(K90*F86)+(L90*G86))/(D86+E86+F86+G86),0) -> 0.0085355649 | N90: 0 | O90: 0 | P90: 0 | Q90: 0 | R90: =IFERROR(((N90*I86)+(O90*J86)+(P90*K86)+(Q90*L86))/(I86+J86+K86+L86),0) -> 0 | S90: 0 | T90: 0 | U90: 0 | V90: 0 | W90: =IFERROR(((S90*N86)+(T90*O86)+(U90*P86)+(V90*Q86))/(N86+O86+P86+Q86),0) -> 0
A91: 10-Q / Deck | C91: MSD - Service | D91: 24 | E91: 26 | F91: 28 | G91: 35 | H91: =D91+E91+F91+G91 -> 113 | I91: 27 | J91: =E91*(1+J93+J94+J95) -> 27.56 | K91: =F91*(1+K93+K94+K95) -> 29.68 | L91: =G91*(1+L93+L94+L95) -> 37.1 | M91: =I91+J91+K91+L91 -> 121.34 | N91: =I91*(1+N93+N94+N95) -> 28.62 | O91: =J91*(1+O93+O94+O95) -> 29.2136 | P91: =K91*(1+P93+P94+P95) -> 31.4608 | Q91: =L91*(1+Q93+Q94+Q95) -> 39.326 | R91: =N91+O91+P91+Q91 -> 128.6204 | S91: =N91*(1+S93+S94+S95) -> 30.3372 | T91: =O91*(1+T93+T94+T95) -> 30.966416 | U91: =P91*(1+U93+U94+U95) -> 33.348448 | V91: =Q91*(1+V93+V94+V95) -> 41.68556 | W91: =S91+T91+U91+V91 -> 136.33762
C92: Reported Y/Y | I92: =IFERROR(I91/D91-1,0) -> 0.125 | J92: =J93+J94+J95 -> 0.06 | K92: =K93+K94+K95 -> 0.06 | L92: =L93+L94+L95 -> 0.06 | M92: =IFERROR(M91/H91-1,0) -> 0.07380531 | N92: =N93+N94+N95 -> 0.06 | O92: =O93+O94+O95 -> 0.06 | P92: =P93+P94+P95 -> 0.06 | Q92: =Q93+Q94+Q95 -> 0.06 | R92: =IFERROR(R91/M91-1,0) -> 0.06 | S92: =S93+S94+S95 -> 0.06 | T92: =T93+T94+T95 -> 0.06 | U92: =U93+U94+U95 -> 0.06 | V92: =V93+V94+V95 -> 0.06 | W92: =IFERROR(W91/R91-1,0) -> 0.06
C93: Organic | I93: 0.1 | J93: 0.06 | K93: 0.06 | L93: 0.06 | M93: =IFERROR(((I93*D91)+(J93*E91)+(K93*F91)+(L93*G91))/(D91+E91+F91+G91),0) -> 0.068495575 | N93: 0.06 | O93: 0.06 | P93: 0.06 | Q93: 0.06 | R93: =IFERROR(((N93*I91)+(O93*J91)+(P93*K91)+(Q93*L91))/(I91+J91+K91+L91),0) -> 0.06 | S93: 0.06 | T93: 0.06 | U93: 0.06 | V93: 0.06 | W93: =IFERROR(((S93*N91)+(T93*O91)+(U93*P91)+(V93*Q91))/(N91+O91+P91+Q91),0) -> 0.06
C94: M&A / Acquired | I94: =I92-I93-I95 -> -0.005 | J94: 0 | K94: 0 | L94: 0 | M94: =IFERROR(((I94*D91)+(J94*E91)+(K94*F91)+(L94*G91))/(D91+E91+F91+G91),0) -> -0.0010619469 | N94: 0 | O94: 0 | P94: 0 | Q94: 0 | R94: =IFERROR(((N94*I91)+(O94*J91)+(P94*K91)+(Q94*L91))/(I91+J91+K91+L91),0) -> 0 | S94: 0 | T94: 0 | U94: 0 | V94: 0 | W94: =IFERROR(((S94*N91)+(T94*O91)+(U94*P91)+(V94*Q91))/(N91+O91+P91+Q91),0) -> 0
C95: FX | I95: 0.03 | J95: 0 | K95: 0 | L95: 0 | M95: =IFERROR(((I95*D91)+(J95*E91)+(K95*F91)+(L95*G91))/(D91+E91+F91+G91),0) -> 0.0063716814 | N95: 0 | O95: 0 | P95: 0 | Q95: 0 | R95: =IFERROR(((N95*I91)+(O95*J91)+(P95*K91)+(Q95*L91))/(I91+J91+K91+L91),0) -> 0 | S95: 0 | T95: 0 | U95: 0 | V95: 0 | W95: =IFERROR(((S95*N91)+(T95*O91)+(U95*P91)+(V95*Q91))/(N91+O91+P91+Q91),0) -> 0
C96: Materials Sciences Division (MSD) — Total | D96: =D86+D91 -> 75 | E96: =E86+E91 -> 82 | F96: =F86+F91 -> 87 | G96: =G86+G91 -> 108 | H96: =H86+H91 -> 352 | I96: =I86+I91 -> 79 | J96: =J86+J91 -> 86.92 | K96: =K86+K91 -> 92.22 | ... W96: =W86+W91 -> 418.67583
C97: Reported Y/Y | I97: =IFERROR(I96/D96-1,0) -> 0.053333333 | J97: =IFERROR(J96/E96-1,0) -> 0.06 | K97: =IFERROR(K96/F96-1,0) -> 0.06 | L97: =IFERROR(L96/G96-1,0) -> 0.06 | M97: =IFERROR(M96/H96-1,0) -> 0.058579545 | N97: =IFERROR(N96/I96-1,0) -> 0.06 | O97: =IFERROR(O96/J96-1,0) -> 0.06 | P97: =IFERROR(P96/K96-1,0) -> 0.06 | ... W97: =IFERROR(W96/R96-1,0) -> 0.06
C98: Organic | I98: =IFERROR(((I88*D86)+(I93*D91))/(D86+D91),0) -> 0.0184 | J98: =IFERROR(((J88*E86)+(J93*E91))/(E86+E91),0) -> 0.06 | K98: =IFERROR(((K88*F86)+(K93*F91))/(F86+F91),0) -> 0.06 | L98: =IFERROR(((L88*G86)+(L93*G91))/(G86+G91),0) -> 0.06 | M98: =IFERROR(((I98*D96)+(J98*E96)+(K98*F96)+(L98*G96))/(D96+E96+F96+G96),0) -> 0.051136364 | N98: =IFERROR(((N88*I86)+(N93*I91))/(I86+I91),0) -> 0.06 | O98: =IFERROR(((O88*J86)+(O93*J91))/(J86+J91),0) -> 0.06 | P98: =IFERROR(((P88*K86)+(P93*K91))/(K86+K91),0) -> 0.06 | Q98: =IFERROR(((Q88*L86)+(Q93*L91))/(L86+L91),0) -> 0.06 | R98: =IFERROR(((N98*I96)+(O98*J96)+(P98*K96)+(Q98*L96))/(I96+J96+K96+L96),0) -> 0.06 | S98: =IFERROR(((S88*N86)+(S93*N91))/(N86+N91),0) -> 0.06 | T98: =IFERROR(((T88*O86)+(T93*O91))/(O86+O91),0) -> 0.06 | U98: =IFERROR(((U88*P86)+(U93*P91))/(P86+P91),0) -> 0.06 | V98: =IFERROR(((V88*Q86)+(V93*Q91))/(Q86+Q91),0) -> 0.06 | W98: =IFERROR(((S98*N96)+(T98*O96)+(U98*P96)+(V98*Q96))/(N96+O96+P96+Q96),0) -> 0.06
C99: M&A / Acquired | I99: =IFERROR(((I89*D86)+(I94*D91))/(D86+D91),0) -> -0.0018666667 | J99: =IFERROR(((J89*E86)+(J94*E91))/(E86+E91),0) -> 0 | K99: =IFERROR(((K89*F86)+(K94*F91))/(F86+F91),0) -> 0 | L99: =IFERROR(((L89*G86)+(L94*G91))/(G86+G91),0) -> 0 | M99: =IFERROR(((I99*D96)+(J99*E96)+(K99*F96)+(L99*G96))/(D96+E96+F96+G96),0) -> -0.00039772727 | N99: =IFERROR(((N89*I86)+(N94*I91))/(I86+I91),0) -> 0 | O99: =IFERROR(((O89*J86)+(O94*J91))/(J86+J91),0) -> 0 | P99: =IFERROR(((P89*K86)+(P94*K91))/(K86+K91),0) -> 0 | Q99: =IFERROR(((Q89*L86)+(Q94*L91))/(L86+L91),0) -> 0 | R99: =IFERROR(((N99*I96)+(O99*J96)+(P99*K96)+(Q99*L96))/(I96+J96+K96+L96),0) -> 0 | S99: =IFERROR(((S89*N86)+(S94*N91))/(N86+N91),0) -> 0 | T99: =IFERROR(((T89*O86)+(T94*O91))/(O86+O91),0) -> 0 | U99: =IFERROR(((U89*P86)+(U94*P91))/(P86+P91),0) -> 0 | V99: =IFERROR(((V89*Q86)+(V94*Q91))/(Q86+Q91),0) -> 0 | W99: =IFERROR(((S99*N96)+(T99*O96)+(U99*P96)+(V99*Q96))/(N96+O96+P96+Q96),0) -> 0
C100: FX | I100: =IFERROR(((I90*D86)+(I95*D91))/(D86+D91),0) -> 0.0368 | J100: =IFERROR(((J90*E86)+(J95*E91))/(E86+E91),0) -> 0 | K100: =IFERROR(((K90*F86)+(K95*F91))/(F86+F91),0) -> 0 | L100: =IFERROR(((L90*G86)+(L95*G91))/(G86+G91),0) -> 0 | M100: =IFERROR(((I100*D96)+(J100*E96)+(K100*F96)+(L100*G96))/(D96+E96+F96+G96),0) -> 0.0078409091 | N100: =IFERROR(((N90*I86)+(N95*I91))/(I86+I91),0) -> 0 | O100: =IFERROR(((O90*J86)+(O95*J91))/(J86+J91),0) -> 0 | P100: =IFERROR(((P90*K86)+(P95*K91))/(K86+K91),0) -> 0 | Q100: =IFERROR(((Q90*L86)+(Q95*L91))/(L86+L91),0) -> 0 | R100: =IFERROR(((N100*I96)+(O100*J96)+(P100*K96)+(Q100*L96))/(I96+J96+K96+L96),0) -> 0 | S100: =IFERROR(((S90*N86)+(S95*N91))/(N86+N91),0) -> 0 | T100: =IFERROR(((T90*O86)+(T95*O91))/(O86+O91),0) -> 0 | U100: =IFERROR(((U90*P86)+(U95*P91))/(P86+P91),0) -> 0 | V100: =IFERROR(((V90*Q86)+(V95*Q91))/(Q86+Q91),0) -> 0 | W100: =IFERROR(((S100*N96)+(T100*O96)+(U100*P96)+(V100*Q96))/(N96+O96+P96+Q96),0) -> 0
C102: TOTAL WATERS REVENUE | D102: =D40+D57+D79+D96 -> 1455 | E102: =E40+E57+E79+E96 -> 1553 | F102: =F40+F57+F79+F96 -> 1686 | G102: =G40+G57+G79+G96 -> 1699 | H102: =H40+H57+H79+H96 -> 6393 | I102: =I40+I57+I79+I96 -> 1267 | J102: =J40+J57+J79+J96 -> 1646.18 | K102: =K40+K57+K79+K96 -> 1787.16 | ... W102: =W40+W57+W79+W96 -> 7580.4382
C103: Reported Y/Y | I103: =IFERROR(I102/D102-1,0) -> -0.12920962 | J103: =IFERROR(J102/E102-1,0) -> 0.06 | K103: =IFERROR(K102/F102-1,0) -> 0.06 | L103: =IFERROR(L102/G102-1,0) -> 0.06 | M103: =IFERROR(M102/H102-1,0) -> 0.016937275 | N103: =IFERROR(N102/I102-1,0) -> 0.26520916 | O103: =IFERROR(O102/J102-1,0) -> 0.06 | P103: =IFERROR(P102/K102-1,0) -> 0.06 | ... W103: =IFERROR(W102/R102-1,0) -> 0.06
C104: Organic CC | I104: =IFERROR(((I42*D40)+(I59*D57)+(I81*D79)+(I98*D96))/(D40+D57+D79+D96),0) -> 0.089353952 | J104: =IFERROR(((J42*E40)+(J59*E57)+(J81*E79)+(J98*E96))/(E40+E57+E79+E96),0) -> 0.06 | K104: =IFERROR(((K42*F40)+(K59*F57)+(K81*F79)+(K98*F96))/(F40+F57+F79+F96),0) -> 0.06 | L104: =IFERROR(((L42*G40)+(L59*G57)+(L81*G79)+(L98*G96))/(G40+G57+G79+G96),0) -> 0.06 | M104: =IFERROR(((I104*D102)+(J104*E102)+(K104*F102)+(L104*G102))/(D102+E102+F102+G102),0) -> 0.066680745 | N104: =IFERROR(((N42*I40)+(N59*I57)+(N81*I79)+(N98*I96))/(I40+I57+I79+I96),0) -> 0.06 | O104: =IFERROR(((O42*J40)+(O59*J57)+(O81*J79)+(O98*J96))/(J40+J57+J79+J96),0) -> 0.06 | P104: =IFERROR(((P42*K40)+(P59*K57)+(P81*K79)+(P98*K96))/(K40+K57+K79+K96),0) -> 0.06 | Q104: =IFERROR(((Q42*L40)+(Q59*L57)+(Q81*L79)+(Q98*L96))/(L40+L57+L79+L96),0) -> 0.06 | R104: =IFERROR(((N104*I102)+(O104*J102)+(P104*K102)+(Q104*L102))/(I102+J102+K102+L102),0) -> 0.06 | S104: =IFERROR(((S42*N40)+(S59*N57)+(S81*N79)+(S98*N96))/(N40+N57+N79+N96),0) -> 0.06 | T104: =IFERROR(((T42*O40)+(T59*O57)+(T81*O79)+(T98*O96))/(O40+O57+O79+O96),0) -> 0.06 | U104: =IFERROR(((U42*P40)+(U59*P57)+(U81*P79)+(U98*P96))/(P40+P57+P79+P96),0) -> 0.06 | V104: =IFERROR(((V42*Q40)+(V59*Q57)+(V81*Q79)+(V98*Q96))/(Q40+Q57+Q79+Q96),0) -> 0.06 | W104: =IFERROR(((S104*N102)+(T104*O102)+(U104*P102)+(V104*Q102))/(N102+O102+P102+Q102),0) -> 0.06
C105: M&A / Acquired | I105: =IFERROR(((I43*D40)+(I60*D57)+(I82*D79)+(I99*D96))/(D40+D57+D79+D96),0) -> -0.23909966 | J105: =IFERROR(((J43*E40)+(J60*E57)+(J82*E79)+(J99*E96))/(E40+E57+E79+E96),0) -> 0 | K105: =IFERROR(((K43*F40)+(K60*F57)+(K82*F79)+(K99*F96))/(F40+F57+F79+F96),0) -> 0 | L105: =IFERROR(((L43*G40)+(L60*G57)+(L82*G79)+(L99*G96))/(G40+G57+G79+G96),0) -> 0 | M105: =IFERROR(((I105*D102)+(J105*E102)+(K105*F102)+(L105*G102))/(D102+E102+F102+G102),0) -> -0.054417331 | N105: =IFERROR(((N43*I40)+(N60*I57)+(N82*I79)+(N99*I96))/(I40+I57+I79+I96),0) -> 0.20520916 | O105: =IFERROR(((O43*J40)+(O60*J57)+(O82*J79)+(O99*J96))/(J40+J57+J79+J96),0) -> 0 | P105: =IFERROR(((P43*K40)+(P60*K57)+(P82*K79)+(P99*K96))/(K40+K57+K79+K96),0) -> 0 | Q105: =IFERROR(((Q43*L40)+(Q60*L57)+(Q82*L79)+(Q99*L96))/(L40+L57+L79+L96),0) -> 0 | R105: =IFERROR(((N105*I102)+(O105*J102)+(P105*K102)+(Q105*L102))/(I102+J102+K102+L102),0) -> 0.039992125 | S105: =IFERROR(((S43*N40)+(S60*N57)+(S82*N79)+(S99*N96))/(N40+N57+N79+N96),0) -> 0 | T105: =IFERROR(((T43*O40)+(T60*O57)+(T82*O79)+(T99*O96))/(O40+O57+O79+O96),0) -> 0 | U105: =IFERROR(((U43*P40)+(U60*P57)+(U82*P79)+(U99*P96))/(P40+P57+P79+P96),0) -> 0 | V105: =IFERROR(((V43*Q40)+(V60*Q57)+(V82*Q79)+(V99*Q96))/(Q40+Q57+Q79+Q96),0) -> 0 | W105: =IFERROR(((S105*N102)+(T105*O102)+(U105*P102)+(V105*Q102))/(N102+O102+P102+Q102),0) -> 0
C106: FX | I106: =IFERROR(((I44*D40)+(I61*D57)+(I83*D79)+(I100*D96))/(D40+D57+D79+D96),0) -> 0.020536082 | J106: =IFERROR(((J44*E40)+(J61*E57)+(J83*E79)+(J100*E96))/(E40+E57+E79+E96),0) -> 0 | K106: =IFERROR(((K44*F40)+(K61*F57)+(K83*F79)+(K100*F96))/(F40+F57+F79+F96),0) -> 0 | L106: =IFERROR(((L44*G40)+(L61*G57)+(L83*G79)+(L100*G96))/(G40+G57+G79+G96),0) -> 0 | M106: =IFERROR(((I106*D102)+(J106*E102)+(K106*F102)+(L106*G102))/(D102+E102+F102+G102),0) -> 0.004673862 | N106: =IFERROR(((N44*I40)+(N61*I57)+(N83*I79)+(N100*I96))/(I40+I57+I79+I96),0) -> 0 | O106: =IFERROR(((O44*J40)+(O61*J57)+(O83*J79)+(O100*J96))/(J40+J57+J79+J96),0) -> 0 | P106: =IFERROR(((P44*K40)+(P61*K57)+(P83*K79)+(P100*K96))/(K40+K57+K79+K96),0) -> 0 | Q106: =IFERROR(((Q44*L40)+(Q61*L57)+(Q83*L79)+(Q100*L96))/(L40+L57+L79+L96),0) -> 0 | R106: =IFERROR(((N106*I102)+(O106*J102)+(P106*K102)+(Q106*L102))/(I102+J102+K102+L102),0) -> 0 | S106: =IFERROR(((S44*N40)+(S61*N57)+(S83*N79)+(S100*N96))/(N40+N57+N79+N96),0) -> 0 | T106: =IFERROR(((T44*O40)+(T61*O57)+(T83*O79)+(T100*O96))/(O40+O57+O79+O96),0) -> 0 | U106: =IFERROR(((U44*P40)+(U61*P57)+(U83*P79)+(U100*P96))/(P40+P57+P79+P96),0) -> 0 | V106: =IFERROR(((V44*Q40)+(V61*Q57)+(V83*Q79)+(V100*Q96))/(Q40+Q57+Q79+Q96),0) -> 0 | W106: =IFERROR(((S106*N102)+(T106*O102)+(U106*P102)+(V106*Q102))/(N102+O102+P102+Q102),0) -> 0
B108: SEGMENT INCOME BUILD (10-Q reportable segments)
C110: Analytical & Materials Sciences (ASD + MSD)
C111: Segment revenue ($M) | D111: =D40+D96 -> 609 | E111: =E40+E96 -> 707 | F111: =F40+F96 -> 737 | G111: =G40+G96 -> 840 | H111: =H40+H96 -> 2893 | I111: =I40+I96 -> 686 | J111: =J40+J96 -> 749.42 | K111: =K40+K96 -> 781.22 | ... W111: =W40+W96 -> 3491.0701
C112: Adj op margin % | D112: 0.353 | E112: 0.3 | F112: 0.3 | G112: 0.3 | H112: 0.3 | I112: 0.344 | J112: 0.3 | K112: 0.3 | L112: 0.3 | M112: 0.3 | N112: 0.3 | O112: 0.3 | P112: 0.3 | Q112: 0.3 | R112: 0.3 | S112: 0.3 | T112: 0.3 | U112: 0.3 | V112: 0.3 | W112: 0.3
C113: Adj op income ($M) | D113: =D112*D111 -> 214.977 | E113: =E112*E111 -> 212.1 | F113: =F112*F111 -> 221.1 | G113: =G112*G111 -> 252 | H113: =D113+E113+F113+G113 -> 900.177 | I113: =I112*I111 -> 235.984 | J113: =J112*J111 -> 224.826 | K113: =K112*K111 -> 234.366 | L113: =L112*L111 -> 267.12 | M113: =I113+J113+K113+L113 -> 962.296 | N113: =N112*N111 -> 218.148 | O113: =O112*O111 -> 238.31556 | P113: =P112*P111 -> 248.42796 | Q113: =Q112*Q111 -> 283.1472 | R113: =N113+O113+P113+Q113 -> 988.03872 | S113: =S112*S111 -> 231.23688 | T113: =T112*T111 -> 252.61449 | U113: =U112*U111 -> 263.33364 | V113: =V112*V111 -> 300.13603 | W113: =S113+T113+U113+V113 -> 1047.321
...

Sheet Upside
B2: Waters Model vs Guidance
B4: Metric | C4: FY26 Guide | D4: FY26 Model | E4: FY26 Δ | F4: FY27 Model | G4: FY28 Model
B5: Total revenue ($M) | C5: 6430 | D5: =Model!M102 -> 6501.28 | E5: =IFERROR((D5-C5)/C5,0) -> 0.011085537 | F5: =Model!R102 -> 7151.3568 | G5: =Model!W102 -> 7580.4382
B6: Organic CC growth % | C6: 0.0725 | D6: =Model!M104 -> 0.066680745 | E6: =D6-C6 -> -0.0058192554 | F6: =Model!R104 -> 0.06 | G6: =Model!W104 -> 0.06
B7: Adj op income ($M) | C7: 1813 | D7: =Model!M125 -> 1825.4764 | E7: =IFERROR((D7-C7)/C7,0) -> 0.0068816327 | F7: =Model!R125 -> 1962.2138 | G7: =Model!W125 -> 2079.9467
B8: Adj op margin % | C8: =C7/C5 -> 0.28195956 | D8: =D7/D5 -> 0.28078723 | E8: =D8-C8 -> -0.0011723349 | F8: =F7/F5 -> 0.27438343 | G8: =G7/G5 -> 0.27438343
